53178.9 6711.67
53160 6725.56
53155.6 6740.56
53130.3 6744.44
53117.5 6732.5
53133.6 6725
53121.4 6689.72
53143.6 6673.06
53153.9 6696.11
53173.3 6689.44
53215.3 6704.44
53215.8 6666.94
53180.6 6650.56
53186.4 6644.44
53186.7 6636.11
53166.7 6637.22
53143.6 6634.72
53137.5 6646.94
53107.8 6651.39
53116.7 6633.33
53133.3 6616.67
53126.4 6615.56
53103.9 6553.61
53098.9 6572.22
53088.6 6564.72
53083.3 6583.33
53093.3 6608.06
53083.6 6635.28
53071.1 6630.56
53065.6 6651.39
53036.9 6673.61
53017.8 6668.89
53075.6 6673.89
53065.3 6713.61
53055.6 6703.89
53031.9 6713.06
53023.9 6713.89
53013.6 6701.11
52998.1 6714.17
53008.6 6693.33
52966.7 6683.33
52985.8 6677.78
52981.1 6660.56
52977.8 6642.22
52951.9 6657.78
52927.2 6633.61
52901.1 6607.22
52933.1 6611.67
52943.1 6600.28
52963.1 6594.44
52952.8 6601.67
52972.5 6611.67
52988.6 6605
52981.1 6601.11
53003.1 6605
52987.2 6623.89
52995.6 6639.44
53019.2 6614.72
53026.9 6606.39
53044.4 6611.94
53041.9 6610.56
53057.8 6602.5
53041.9 6560.28
53014.4 6578.89
53001.4 6550.28
52996.7 6547.5
52982.5 6566.94
52960.8 6563.61
52969.2 6543.06
52950.8 6530.83
52909.4 6502.22
52921.1 6512.22
52930 6530
52925.3 6537.78
52935.6 6544.72
52915.6 6548.61
52908.1 6551.39
52893.1 6529.72
52897.8 6492.78
52870 6495.56
52863.9 6556.94
52863.6 6596.11
52847.2 6566.39
52824.7 6568.89
52785.3 6580.56
52782.5 6596.67
52772.5 6613.06
52775.8 6627.5
52759.2 6614.72
52740.8 6600.28
52720.3 6581.67
52716.7 6551.67
52744.7 6563.06
52753.9 6537.22
52753.6 6526.11
52747.8 6499.72
52708.1 6494.44
52689.2 6491.94
52668.6 6497.78
52673.6 6545
52655.6 6556.94
52665 6594.17
52683.3 6604.72
52690.8 6639.72
52690.6 6645.28
52638.1 6616.94
52655.3 6656.11
52630.3 6674.17
52648.3 6681.67
52671.9 6733.89
52681.4 6686.67
52705.8 6680.28
52699.7 6668.61
52726.4 6662.5
52750 6667.5
52777.5 6650
52794.7 6633.61
52811.9 6618.89
52829.4 6642.22
52827.8 6646.39
52836.1 6633.33
52891.9 6635.56
52898.6 6656.94
52900 6666.67
52878.9 6693.33
52925.8 6676.67
52947.2 6674.44
52938.9 6680.28
52945 6705.56
52937.2 6709.17
52928.9 6714.72
52919.2 6708.61
52906.1 6700.56
52898.9 6726.11
52855.3 6741.39
52863.9 6752.78
52842.8 6763.89
52842.5 6787.78
52838.9 6805.56
52839.4 6859.72
52869.4 6867.5
52868.3 6887.22
52863.9 6878.89
52852.2 6874.44
52840.8 6926.11
52834.7 6958.33
52830 6973.06
52844.7 6971.67
52820 7005.83
52844.4 7003.06
52876.9 7010.83
52878.1 7022.22
52900 7033.33
52889.7 7044.17
52943.6 7042.22
52929.4 6999.17
52903.6 6984.72
52913.3 6975
52897.5 6983.06
52874.2 6962.5
52906.9 6942.22
52914.7 6940.83
52906.7 6930.83
52895.6 6923.06
52890.8 6919.72
52875.3 6929.72
52884.4 6921.39
52905.8 6911.39
52908.1 6896.67
52895.8 6881.67
52879.2 6873.33
52908.9 6842.22
52946.4 6898.61
52967.2 6898.06
52985.8 6915.83
52991.1 6893.89
52985.3 6886.94
52985 6857.78
52997.8 6854.44
53008.6 6851.67
53006.9 6819.44
52993.1 6800.28
52975.6 6815
52982.5 6811.67
52965.3 6795.28
52950 6802.78
52966.1 6812.22
52964.7 6851.67
52927.2 6812.5
52913.9 6822.78
52879.2 6815.56
52897.8 6790.56
52903.9 6755.83
52916.1 6749.17
52942.8 6760.56
52955.3 6759.17
52950 6710.28
52955 6702.5
52961.9 6697.22
52965.3 6723.06
52974.4 6735.83
52966.7 6733.33
52958.1 6749.72
52975.3 6766.94
52991.1 6784.17
52984.4 6784.44
52998.6 6751.11
53020.8 6751.11
53031.7 6748.06
53060.6 6767.5
53075.6 6735
53051.7 6750
53054.7 6719.72
53048.9 6716.39
53038.3 6725.28
53037.8 6786.94
53027.5 6799.44
53015.3 6810.56
53050.6 6808.61
53052.5 6808.06
53082.5 6768.89
53106.4 6765.28
53147.2 6836.39
53125.8 6847.5
53096.4 6834.17
53104.2 6831.67
53110 6812.22
53081.9 6800.56
53067.8 6825.56
53074.7 6833.61
53059.4 6824.44
53047.5 6834.44
53053.1 6863.61
53059.2 6867.78
53037.8 6866.11
53027.8 6870.83
53016.1 6889.44
53019.2 6908.33
53017.5 6909.17
53036.1 6891.39
53050 6892.78
53063.9 6920.56
53053.3 6937.5
53063.6 6960.83
53067.2 6986.94
53066.1 6998.06
53034.4 7005.56
53029.2 6985.28
53030.6 6965
52991.4 6980.28
53014.2 6954.17
53008.3 6940
52992.8 6942.5
52982.5 6944.44
52958.9 6937.22
52934.2 6928.89
52945 6937.22
52938.1 6957.5
52943.9 6981.11
52953.6 6986.39
52965.8 6993.89
52968.9 6994.17
52962.2 7022.78
52956.9 7027.22
52973.6 7016.39
53017.2 7019.17
53030.6 7020.28
53020.6 7052.22
53005.8 7050.83
52988.9 7067.78
52978.9 7055.56
52956.1 7061.11
52904.4 7088.06
52888.9 7073.06
52896.7 7087.78
52880.6 7073.33
52869.2 7069.44
52848.9 7071.94
52847.5 7043.06
52838.3 7026.39
52796.7 7038.06
52816.7 7075.56
52776.9 7083.33
52767.8 7068.33
52746.9 7126.11
52783.6 7112.22
52756.9 7122.22
52741.9 7120.56
52729.4 7126.94
52713.9 7088.06
52709.4 7046.39
52700 7051.67
52668.1 7046.11
52681.1 7022.22
52709.2 7021.94
52725.6 7044.72
52736.1 7020.83
52726.9 6983.06
52736.4 6972.5
52756.4 6972.78
52755.3 6956.39
52746.4 6935
52760.6 6906.94
52733.1 6901.94
52750.6 6909.72
52721.7 6921.94
52700.8 6921.67
52695 6894.17
52749.2 6874.72
52743.6 6878.06
52759.2 6850
52750 6850
52705.8 6807.78
52696.1 6791.94
52710 6791.67
52719.7 6773.33
52723.6 6770
52714.2 6741.11
52720.3 6722.78
52749.4 6757.78
52740.6 6767.78
52734.4 6744.17
52757.5 6725.56
52752.5 6703.89
52775.6 6708.61
52803.3 6700.56
52824.4 6688.61
52843.3 6663.33
52867.8 6700.56
52848.3 6709.44
52825.3 6712.78
52800.3 6736.94
52819.2 6782.78
52815.3 6806.39
52763.3 6780.56
52730.8 6811.67
52711.1 6826.11
52713.3 6847.78
52695.3 6869.17
52680.3 6853.33
52678.9 6832.22
52667.2 6812.22
52685 6778.33
52657.2 6788.89
52646.9 6736.11
52596.7 6824.72
52610.8 6844.17
52573.1 6861.67
52578.3 6868.89
52589.2 6877.78
52583.3 6900
52600 6917.5
52629.2 6909.17
52624.4 6865.28
52655 6863.61
52657.8 6899.72
52649.2 6927.22
52682.2 6931.67
52693.1 6956.94
52695.8 6989.72
52700 6986.67
52629.7 6981.94
52631.1 6994.72
52642.8 7015.56
52639.2 7046.67
52610.8 7079.17
52589.7 7087.22
52556.9 7098.06
52537.8 7050.28
52572.8 7086.39
52596.4 7100.83
52609.7 7113.89
52595.6 7143.06
52612.2 7140.28
52579.4 7124.17
52556.4 7124.17
52526.7 7137.22
52507.8 7182.5
52520 7210.56
52536.4 7220
52543.3 7193.33
52591.9 7180
52583.1 7235
52611.4 7229.72
52631.9 7191.94
52663.6 7213.89
52654.2 7252.22
52691.9 7270.28
52716.4 7291.11
52722.5 7274.72
52716.7 7283.33
52726.9 7371.11
52734.2 7398.89
52707.8 7402.5
52668.6 7407.22
52662.2 7436.39
52677.2 7438.33
52695.3 7456.67
52690.3 7477.22
52701.9 7488.06
52689.7 7503.06
52723.9 7468.89
52766.9 7470.83
52761.7 7453.61
52783.6 7417.22
52789.4 7388.61
52807.8 7423.61
52805.3 7461.67
52815.6 7467.22
52818.1 7471.11
52776.7 7532.78
52791.9 7567.5
52813.9 7554.44
52840.8 7496.94
52873.1 7555.83
52886.1 7506.67
52905 7503.89
52918.9 7511.94
52920.8 7539.72
52917.8 7540.83
52928.6 7563.89
52950.6 7552.5
52979.7 7563.61
52979.7 7568.61
52989.7 7567.22
53005 7523.89
53015.6 7529.44
52993.3 7506.11
52976.4 7492.5
52974.2 7473.33
52955.3 7490.28
52946.7 7492.78
52931.7 7490.28
52919.7 7474.72
52908.3 7469.72
52897.8 7483.33
52882.8 7447.22
52892.8 7418.06
52902.2 7398.06
52925.3 7424.72
52943.3 7429.17
52939.2 7443.61
52950.8 7450
52961.4 7461.94
52961.7 7413.33
52972.5 7430.28
52984.7 7419.44
52990.6 7416.67
53001.1 7412.78
53000 7383.33
52979.7 7380.56
52989.2 7377.5
53008.1 7355.56
53017.5 7333.89
53023.6 7334.17
53032.2 7300
53011.4 7297.22
52998.3 7303.89
52975.3 7300.28
52960.8 7313.33
52940.8 7346.11
52931.4 7345
52962.5 7370.28
52927.2 7388.06
52905.8 7374.72
52899.2 7357.5
52903.1 7296.67
52907.2 7296.39
52921.7 7310
52945.6 7304.17
52949.2 7284.44
52918.3 7264.72
52889.2 7235
52899.4 7226.11
52908.3 7214.17
52866.9 7208.06
52878.6 7182.22
52887.5 7159.72
52888.1 7170.56
52873.6 7162.78
52860 7166.94
52869.2 7157.5
52859.4 7151.11
52862.2 7127.22
52855.8 7131.67
52854.2 7110
52851.7 7092.78
52813.1 7122.78
52802.2 7109.44
52805.3 7137.22
52808.3 7133.61
52806.1 7210.56
52837.5 7173.06
52842.2 7172.22
52817.5 7177.22
52806.1 7163.06
52781.4 7188.33
52776.7 7214.17
52817.5 7251.39
52827.2 7228.89
52848.6 7234.44
52842.5 7257.22
52865.3 7256.11
52861.4 7298.89
52866.4 7295.83
52873.9 7308.06
52851.7 7320.28
52851.1 7328.89
52856.1 7364.44
52844.2 7392.5
52836.1 7371.39
52803.9 7353.61
52817.2 7334.72
52788.9 7330.28
52819.2 7290.28
52806.9 7285.28
52796.4 7288.06
52769.4 7271.11
52766.7 7266.67
52723.6 7230.28
52733.3 7191.39
52698.3 7199.17
52701.7 7168.33
52683.1 7173.89
52644.7 7149.72
52682.5 7117.78
52692.5 7105.28
52647.2 7100.28
52629.4 7073.33
52614.2 7030
52584.2 7015.28
52586.1 7023.33
52577.8 7026.94
52596.9 7016.94
52605.8 7020.28
52593.6 6981.39
52596.9 6953.61
52579.7 6930.83
52565 6941.94
52551.7 6946.39
52540.3 6954.72
52538.6 6948.06
52492.8 6923.06
52503.3 6904.17
52505.3 6876.11
52551.1 6907.5
52550 6900
52565 6888.61
52533.3 6866.67
52542.2 6858.06
52533.3 6850
52564.2 6824.44
52566.1 6745.56
52550 6750
52522.5 6740.83
52532.8 6759.44
52514.2 6763.89
52498.9 6763.06
52501.7 6786.11
52475.8 6777.5
52442.2 6778.61
52425.3 6747.22
52435 6738.89
52461.9 6710.28
52449.7 6712.5
52436.4 6699.17
52471.9 6706.67
52458.6 6682.78
52443.6 6673.89
52486.9 6661.11
52481.1 6686.39
52499.7 6685
52501.1 6711.67
52483.3 6716.67
52541.7 6713.89
52548.9 6722.78
52561.9 6723.33
52575 6720.56
52556.4 6706.67
52565 6674.17
52582.8 6604.17
52533.3 6623.33
52512.2 6641.67
52488.1 6639.44
52476.4 6618.06
52466.9 6608.33
52434.7 6604.72
52471.9 6588.06
52500 6600
52516.9 6593.06
52506.9 6584.72
52490.8 6581.39
52500.8 6557.78
52466.7 6550
52426.7 6538.89
52380.8 6561.39
52385 6575
52381.4 6608.61
52370.8 6577.22
52358.1 6557.78
52336.4 6559.72
52337.8 6556.94
52347.5 6578.33
52317.2 6600
52318.3 6605.28
52309.7 6611.11
52359.7 6650
52353.6 6649.17
52338.3 6653.33
52321.7 6647.5
52326.4 6640.56
52331.4 6607.5
52345.8 6613.89
52352.2 6640.28
52378.3 6652.5
52396.9 6640.56
52388.1 6688.06
52408.6 6700.83
52389.2 6720.28
52394.2 6716.94
52400 6733.33
52338.6 6719.72
52361.4 6710.83
52351.9 6700
52334.2 6676.67
52306.7 6672.5
52320.6 6702.22
52306.9 6712.5
52309.2 6716.94
52309.2 6728.61
52308.6 6759.44
52294.4 6765
52284.2 6764.44
52310.8 6750.56
52302.8 6736.67
52270 6757.78
52264.7 6766.94
52263.3 6778.33
52275 6791.67
52284.2 6785.83
52292.2 6807.78
52308.1 6811.67
52300.3 6803.06
52317.8 6795.83
52340.3 6784.44
52373.1 6787.78
52395 6797.5
52472.8 6856.11
52453.1 6865.28
52420.8 6860.56
52383.9 6800.56
52392.5 6820
52366.7 6833.33
52334.2 6839.44
52324.4 6834.72
52313.3 6831.94
52318.3 6855
52324.7 6885.56
52303.6 6875.28
52283.1 6901.11
52268.1 6897.22
52252.8 6900.56
52240.3 6911.94
52220.3 6916.94
52207.8 6871.94
52216.9 6836.94
52203.6 6821.11
52188.1 6816.39
52199.7 6820.83
52198.6 6852.22
52191.7 6851.67
52184.7 6850.28
52170.3 6855
52162.8 6887.22
52131.4 6919.72
52132.5 6904.44
52173.6 6888.89
52206.9 6890.83
52216.1 6895.56
52238.3 6880.56
52255.6 6870.83
52277.5 6856.67
52221.9 6826.67
52243.6 6855.28
52246.4 6845.56
52274.4 6830.28
52266.7 6799.44
52245.6 6812.5
52215.3 6766.11
52236.1 6726.11
52256.9 6724.44
52270.8 6704.72
52274.7 6706.39
52279.2 6691.11
52256.9 6691.39
52267.5 6668.61
52225.3 6645.83
52256.4 6631.94
52247.2 6610.56
52249.7 6602.22
52233.3 6583.33
52228.1 6608.89
52208.3 6621.94
52190.6 6603.61
52171.9 6586.11
52184.7 6559.17
52201.4 6537.78
52211.9 6517.78
52217.8 6503.06
52205.3 6514.17
52228.1 6544.17
52241.7 6541.67
52241.9 6506.11
52280.6 6556.11
52261.9 6550.83
52278.9 6572.78
52273.1 6585.83
52280.3 6531.67
52281.1 6520
52283.3 6482.5
52288.6 6480.83
52256.4 6477.78
52230.3 6462.22
52224.4 6433.06
52192.5 6412.22
52190.6 6370.56
52196.1 6367.5
52180.6 6359.44
52185 6354.17
52217.8 6403.33
52225.3 6390.56
52232.2 6404.72
52242.8 6380.28
52217.2 6361.39
52232.2 6368.33
52226.9 6345.83
52225.6 6335.56
52245.8 6347.22
52241.1 6352.5
52248.9 6401.11
52250 6400
52268.3 6381.94
52275.8 6384.44
52290.3 6391.11
52278.6 6400.83
52252.5 6403.06
52252.8 6450.56
52259.4 6455.28
52258.9 6453.33
52306.7 6470.83
52300 6450
52334.2 6457.5
52316.1 6472.78
52325.8 6494.17
52353.9 6507.22
52366.1 6528.06
52384.4 6520.56
52385 6495.28
52418.3 6502.78
52436.9 6465.28
52441.1 6474.72
52461.1 6500
52455.3 6512.5
52471.7 6512.5
52502.8 6527.78
52491.7 6501.11
52498.3 6490.83
52485.8 6473.33
52491.4 6435.28
52525.3 6480.28
52544.7 6477.5
52537.8 6456.94
52555.8 6475.83
52564.4 6470.28
52586.7 6473.89
52568.3 6479.72
52564.4 6439.72
52576.1 6423.33
52580.8 6405.83
52553.1 6431.39
52537.8 6432.5
52535 6375.56
52486.4 6336.94
52440 6352.5
52466.7 6400
52496.4 6365.56
52503.6 6382.22
52519.7 6382.5
52479.7 6420
52441.4 6423.06
52425.3 6446.11
52386.4 6449.44
52393.1 6433.33
52367.8 6427.78
52387.5 6368.33
52404.4 6399.17
52413.6 6412.5
52431.4 6415.56
52435.3 6391.67
52416.7 6376.67
52446.7 6345.28
52466.7 6304.17
52503.6 6287.22
52511.9 6280.28
52525.8 6270.28
52528.3 6309.44
52550 6300
52550 6283.33
52568.9 6272.22
52590 6276.39
52566.7 6200
52556.9 6231.11
52572.5 6226.11
52583.6 6226.94
52585.6 6244.44
52609.7 6232.22
52636.7 6231.94
52637.5 6261.94
52686.4 6257.5
52674.7 6292.5
52715 6344.17
52721.9 6349.44
52768.3 6327.5
52751.9 6346.11
52756.7 6353.89
52806.1 6416.11
52795.8 6404.72
52813.6 6362.22
52833.3 6333.33
52853.3 6327.5
52838.9 6358.61
52857.5 6366.39
52885 6376.94
52884.2 6404.17
52888.6 6407.5
52914.2 6416.94
52851.9 6461.39
52811.7 6491.94
52776.9 6484.72
52796.7 6463.33
52786.4 6456.11
52762.8 6452.78
52760.6 6445.83
52771.1 6466.67
52759.4 6460.28
52711.1 6470.28
52671.4 6475.83
52634.7 6498.61
52637.5 6501.67
52599.7 6525
52590.6 6556.11
52580.6 6568.06
52553.3 6560
52546.1 6554.72
52546.4 6540.28
52548.9 6547.5
52602.8 6547.5
52631.7 6551.39
52641.1 6533.06
52625.6 6522.22
52617.5 6495.56
52588.3 6499.72
52577.2 6489.72
52598.6 6465.83
52614.7 6460.56
52615.6 6420.56
52656.7 6423.89
52667.8 6433.89
52679.2 6391.67
52686.1 6375
52721.7 6391.67
52659.4 6381.39
52641.4 6341.39
52616.7 6357.78
52576.1 6365.83
52551.1 6373.33
52561.7 6373.06
52555.6 6343.89
52575.6 6311.67
52608.9 6303.06
52650 6250
52644.7 6223.06
52681.1 6218.89
52690.8 6211.39
52738.9 6234.44
52748.9 6212.22
52766.1 6187.22
52754.4 6208.33
52738.3 6205.56
52723.1 6189.44
52723.9 6156.39
52755.8 6147.22
52764.2 6151.67
52777.2 6171.39
52792.8 6187.5
52832.2 6236.39
52781.4 6233.89
52762.8 6235.56
52765.6 6267.22
52732.8 6293.06
52718.3 6284.17
52768.6 6308.06
52777.8 6323.61
52805.3 6296.94
52821.7 6277.78
52856.4 6282.5
52845.3 6301.11
52870 6308.06
52881.9 6329.72
52919.7 6299.17
52916.7 6283.33
52913.3 6272.5
52899.7 6261.39
52886.9 6221.39
52889.7 6199.17
52852.8 6216.94
52869.4 6196.94
52906.9 6171.67
52908.3 6141.11
52900 6133.33
52885.8 6145.83
52853.6 6150.28
52846.7 6137.78
52799.4 6142.78
52793.1 6141.39
52840 6100.28
52867.5 6064.72
52880.6 6097.22
52900 6100
52909.2 6081.94
52921.4 6080.56
52921.9 6107.22
52919.2 6121.94
52934.7 6147.78
52930.6 6184.44
52925.6 6180
52920.6 6183.33
52905.6 6201.39
52926.4 6209.17
52938.9 6219.72
52926.4 6235.56
52950 6250
52972.5 6209.17
52963.1 6199.72
52965.8 6185.83
52949.4 6177.5
52962.2 6145.83
52979.4 6138.06
53003.9 6200.56
53017.2 6200
53007.2 6156.11
52995.6 6159.17
53013.6 6126.94
53008.3 6111.39
53003.1 6108.89
52976.7 6116.94
52959.4 6098.89
52932.5 6076.94
52942.5 6075
52958.6 6053.89
52938.1 6038.61
52956.4 6019.44
52975 6049.44
52966.4 6092.5
52990.6 6085.28
53001.1 6085
53035.8 6112.5
53046.4 6099.72
53053.9 6100.83
53089.7 6111.94
53109.2 6106.67
53130.8 6091.39
53128.3 6075
53153.3 6080.83
53140.8 6063.06
53119.2 6070
53116.4 6069.17
53102.8 6065
53080.6 6067.22
53052.2 6084.72
53068.3 6065.83
53073.9 6098.61
53119.4 6148.61
53071.1 6131.94
53073.3 6165.28
53044.2 6160
53036.1 6160.56
53036.7 6183.89
53058.3 6191.39
53031.7 6217.5
52996.9 6265.83
53028.9 6251.94
53038.6 6246.39
53050 6275.56
53048.1 6257.22
53071.1 6241.94
53058.6 6226.11
53073.3 6211.94
53091.4 6226.94
53121.1 6201.67
53097.2 6173.61
53109.7 6164.17
53126.7 6164.44
53138.6 6144.72
53148.3 6141.67
53167.2 6133.61
53186.4 6134.44
53191.9 6131.67
53208.3 6134.44
53202.8 6098.33
53204.4 6120.83
53243.9 6133.06
53226.1 6124.44
53252.2 6112.5
53292.5 6128.61
53278.3 6100.28
53363.6 6082.78
53387.8 6065.28
53390.6 6121.67
53399.7 6125.83
53391.4 6145.83
53382.5 6174.44
53364.4 6169.17
53359.2 6216.11
53341.9 6226.39
53335 6211.39
53338.1 6215
53321.1 6215.28
53310 6215.56
53330.3 6230.56
53326.7 6244.72
53333.1 6248.89
53320.3 6263.33
53350 6250
53366.7 6233.33
53371.1 6250.83
53380.3 6264.17
53398.6 6259.72
53414.4 6265.28
53422.2 6267.22
53441.9 6263.06
53454.7 6278.06
53488.6 6306.39
53473.3 6318.61
53457.5 6310.28
53451.7 6307.78
53448.6 6294.72
53438.1 6295.56
53431.7 6300.28
53412.8 6305.28
53389.2 6296.94
53396.4 6282.78
53396.4 6228.06
53391.4 6240.56
53364.2 6278.06
53366.9 6294.44
53333.3 6283.33
53326.4 6294.72
53348.3 6309.17
53334.2 6321.39
53324.2 6328.61
53337.8 6346.11
53321.4 6353.06
53323.6 6355.83
53313.6 6363.89
53303.1 6396.67
53301.9 6417.78
53320.8 6459.44
53319.7 6480.28
53365.8 6495.56
53368.9 6509.44
53344.7 6527.78
53352.2 6526.94
53336.1 6515.28
53317.2 6507.5
53301.1 6502.22
53282.8 6472.78
53268.3 6475.28
53280.3 6444.44
53266.7 6446.67
53270.3 6387.22
53275.6 6367.5
53259.7 6368.89
53203.6 6400.83
53233.3 6350
53230.3 6340.56
53261.1 6300.28
53265.8 6316.39
53280.6 6316.39
53281.7 6339.17
53287.8 6341.11
53293.6 6311.94
53295.3 6308.89
53309.7 6285.28
53300.6 6282.78
53312.2 6268.33
53292.2 6266.94
53271.7 6278.06
53282.8 6270.83
53305.6 6258.06
53310 6247.22
53295 6237.22
53287.5 6219.17
53269.7 6224.17
53252.5 6213.61
53268.3 6199.72
53266.7 6174.17
53303.1 6183.06
53275.6 6199.72
53231.9 6191.11
53251.9 6171.11
53281.7 6167.78
53279.2 6154.17
53288.9 6145.28
53273.6 6142.5
53259.4 6144.72
53254.4 6147.78
53232.2 6167.22
53203.3 6199.44
53240 6221.67
53221.7 6213.61
53196.7 6178.61
53192.5 6169.17
53163.6 6165
53171.9 6174.72
53156.7 6204.17
53164.7 6217.22
53186.7 6215.56
53184.7 6227.5
53190 6245.83
53199.4 6277.78
53181.9 6268.61
53190 6287.5
53194.7 6306.11
53111.7 6328.33
53060.6 6289.44
53039.4 6287.78
53019.4 6320
53004.4 6298.89
52995.3 6296.39
52977.2 6272.78
52968.9 6255.56
52954.4 6268.33
52946.4 6277.22
52937.5 6322.22
52945.6 6327.22
52970.3 6342.78
52969.2 6316.67
52954.2 6359.17
52971.7 6392.5
52985 6418.06
53032.2 6368.61
53073.1 6461.11
53059.4 6456.67
53062.5 6501.39
53066.7 6532.78
53066.7 6533.06
53065.8 6555.28
53071.4 6562.78
53081.9 6539.17
53081.7 6520
53140.3 6498.33
53143.9 6507.5
53151.7 6518.06
53163.3 6423.33
53153.9 6409.72
53170.6 6429.17
53174.2 6401.39
53210.3 6431.94
53236.9 6452.22
53200.6 6463.06
53189.2 6461.39
53175.6 6470.56
53150 6475.56
53116.4 6474.44
53106.7 6489.44
53101.1 6501.11
53136.9 6526.11
53170 6532.5
53202.2 6501.11
53235 6524.72
53246.1 6551.39
53231.9 6573.33
53217.2 6564.44
53202.8 6578.06
53200 6583.33
53159.4 6581.39
53167.2 6610.28
53176.1 6590
53224.4 6610.56
53251.4 6591.67
53251.1 6568.06
53277.5 6563.89
53312.8 6557.78
53324.4 6563.33
53338.6 6543.61
53356.1 6554.44
53392.5 6563.61
53393.6 6513.33
53403.9 6502.5
53400 6466.67
53407.2 6447.22
53411.7 6444.17
53400.6 6434.44
53373.9 6432.22
53383.3 6416.67
53393.1 6426.94
53359.2 6438.89
53350.6 6438.06
53324.4 6397.22
53374.4 6405.56
53366.4 6407.5
53378.6 6392.22
53388.1 6375.56
53393.1 6355
53362.8 6365.56
53345.3 6358.89
53348.9 6346.67
53375.3 6330.56
53383.3 6333.33
53400.8 6329.17
53433.1 6333.33
53409.7 6368.06
53398.6 6400.56
53403.6 6401.11
53456.1 6396.39
53496.1 6369.72
53525.3 6315.56
53510 6293.89
53483.9 6285.28
53500 6250
53512.8 6245.28
53515.8 6236.11
53535.3 6196.39
53528.1 6169.17
53539.2 6161.39
53490 6148.89
53487.2 6151.94
53474.7 6176.39
53459.7 6218.06
53433.9 6226.39
53416.7 6238.33
53410.8 6215.83
53382.5 6202.5
53388.3 6193.89
53410.8 6202.22
53409.4 6174.17
53416.4 6180.56
53424.7 6175.83
53435.3 6177.5
53450.8 6154.44
53430.8 6127.5
53423.1 6137.5
53442.8 6140
53477.5 6143.06
53500 6116.67
53496.7 6111.11
53524.7 6109.72
53549.2 6082.78
53582.8 6108.33
53563.3 6147.22
53557.2 6156.94
53612.8 6181.94
53580.3 6187.78
53554.2 6209.17
53569.7 6250.83
53560.6 6271.67
53525.3 6262.5
53555 6237.5
53572.2 6241.67
53582.5 6244.44
53600.8 6231.39
53590 6224.17
53595.6 6216.39
53605.8 6227.5
53616.9 6253.89
53623.1 6230.83
53640.6 6237.78
53666.4 6240.83
53681.9 6239.17
53685.3 6268.61
53701.4 6246.11
53731.1 6259.17
53763.3 6267.78
53776.4 6263.33
53770.3 6254.72
53740.6 6267.5
53713.3 6279.17
53709.2 6292.78
53723.3 6282.5
53738.6 6279.44
53745 6287.78
53745 6316.67
53751.1 6314.44
53761.1 6307.5
53772.5 6313.06
53820.6 6334.72
53843.3 6335.28
53850 6338.89
53866.4 6341.39
53860.3 6377.78
53886.1 6344.44
53868.3 6314.17
53863.1 6310.28
53871.7 6306.94
53842.8 6302.78
53848.1 6281.67
53858.6 6253.06
53862.8 6278.33
53858.1 6279.17
53844.2 6261.11
53816.4 6273.61
53793.6 6237.5
53801.7 6255.56
53809.2 6270.56
53810 6297.22
53822.5 6295.83
53824.2 6312.78
53768.9 6344.44
53752.8 6363.89
53729.7 6347.5
53718.9 6347.78
53731.7 6337.78
53695.6 6308.89
53685 6299.72
53683.3 6300
53677.2 6319.17
53651.1 6313.06
53650 6316.67
53665.3 6354.44
53672.5 6394.17
53656.7 6419.17
53624.7 6488.06
53593.6 6486.11
53608.1 6391.39
53650 6350
53645 6345
53621.9 6318.33
53629.2 6320.28
53628.9 6268.33
53586.7 6289.72
53577.2 6283.61
53555.8 6304.72
53559.7 6334.44
53564.7 6355.28
53589.7 6336.67
53608.3 6337.5
53592.5 6363.33
53566.1 6385.56
53536.9 6446.67
53516.7 6433.33
53510.8 6427.22
53508.1 6462.5
53478.1 6502.22
53450.8 6478.89
53421.7 6550.28
53469.7 6536.39
53512.5 6540
53566.7 6579.72
53566.7 6583.33
53612.8 6553.06
53673.3 6571.67
53657.5 6522.78
53671.7 6481.67
53693.1 6419.72
53736.1 6422.78
53773.3 6398.61
53835 6396.11
53828.1 6447.78
53847.8 6434.72
53864.7 6435.83
53866.7 6433.33
53890.6 6388.89
53900.8 6390.28
53925 6377.78
53933.3 6383.33
53943.3 6383.89
53950 6366.67
53971.4 6361.94
53927.5 6411.39
53942.8 6451.67
53946.1 6484.17
53934.4 6477.78
53970 6431.11
53984.2 6439.44
54000 6416.67
54024.2 6428.61
54046.1 6368.06
54067.2 6348.61
54108.3 6347.5
54104.2 6293.06
54083.9 6283.89
54074.7 6283.89
54086.9 6261.67
54075.6 6255.56
54038.9 6267.78
54045.8 6253.06
54039.2 6239.72
54068.1 6243.06
54064.4 6218.61
54040 6188.33
54033.3 6133.33
54020 6145
54011.7 6138.61
53997.8 6127.78
54005.3 6123.33
54004.4 6177.22
53994.7 6175
53983.3 6183.33
53985.3 6193.89
53983.3 6200
54013.3 6187.5
54008.9 6181.94
53998.1 6195.56
53994.4 6220.28
54018.3 6221.67
53999.7 6262.78
54020.8 6306.94
54052.2 6339.72
54041.7 6332.78
54028.3 6350.83
53996.1 6352.78
54021.4 6394.72
54028.3 6401.94
54041.7 6423.61
54030.3 6455.83
54004.4 6467.78
53969.2 6486.39
53983.3 6497.22
53976.1 6523.89
53994.2 6504.17
54013.1 6518.89
54031.7 6514.72
54050.3 6531.39
54000 6583.33
54007.8 6601.11
54012.2 6588.33
54036.4 6569.44
54033.3 6547.22
54031.9 6490.28
54046.9 6490.28
54067.5 6463.61
54066.7 6483.33
54158.3 6638.89
54146.9 6663.33
54130.6 6661.39
54026.1 6614.44
54023.1 6621.11
54010.8 6633.06
54008.6 6656.39
53992.8 6655
53972.5 6638.06
53957.2 6623.61
53951.1 6601.67
53910.8 6615.83
53941.9 6635.56
53950 6633.33
53957.5 6663.06
53900.6 6695.28
53883.3 6600
53852.5 6653.06
53809.7 6656.39
53786.7 6648.06
53756.7 6678.89
53747.8 6646.11
53740.8 6664.72
53706.9 6682.5
53735.6 6713.06
53793.6 6736.39
53822.8 6750.56
53808.9 6756.94
53725.6 6801.11
53662.8 6801.94
53683.3 6866.67
53618.6 6920.56
53588.9 6872.22
53570.3 6903.06
53583.3 7000
53531.7 6961.11
53505 6981.11
53434.2 6987.5
53424.7 6956.94
53453.9 6921.94
53428.6 6918.89
53419.2 6898.33
53408.6 6911.39
53370 6932.78
53335.3 6931.94
53341.7 6941.11
53358.6 6965.83
53390 6951.39
53402.2 6954.72
53409.7 7004.72
53390.6 6999.17
53401.1 7016.11
53397.8 7025.28
53411.4 7041.94
53409.4 7041.11
53447.2 7023.61
53452.2 7099.72
53420 7133.61
53400.3 7126.11
53386.1 7126.94
53388.3 7109.17
53380.3 7107.78
53321.4 7117.78
53316.4 7107.5
53341.1 7105.56
53343.3 7135.56
53342.2 7133.06
53359.2 7148.89
53369.4 7150
53388.6 7162.22
53404.7 7160.28
53421.9 7167.5
53411.1 7201.11
53392.8 7210.56
53367.5 7213.89
53332.5 7192.22
53335.6 7200.28
53331.4 7213.61
53342.5 7198.61
53352.2 7201.67
53348.9 7215.56
53329.7 7253.61
53338.6 7242.5
53344.2 7247.78
53340.6 7277.22
53311.4 7264.72
53299.7 7255
53309.7 7234.44
53285.3 7256.94
53296.1 7289.44
53301.7 7315.56
53325.6 7323.61
53331.7 7353.89
53361.1 7326.67
53390.8 7279.72
53414.2 7296.11
53391.7 7331.11
53346.9 7350
53348.1 7381.11
53315.6 7368.06
53307.5 7386.94
53293.6 7363.33
53272.2 7366.94
53275.8 7390.28
53267.2 7382.5
53237.2 7387.5
53243.6 7377.22
53243.1 7343.89
53264.4 7335
53215 7388.61
53181.4 7422.5
53178.1 7454.72
53195.6 7443.33
53206.7 7455
53213.3 7449.44
53233.3 7449.44
53257.2 7427.5
53270 7431.67
53288.9 7451.39
53273.9 7488.89
53262.5 7505.28
53250.6 7507.22
53237.8 7476.39
53224.4 7481.11
53202.5 7488.33
53169.2 7425.56
53134.4 7404.44
53171.9 7380.56
53192.5 7378.61
53192.8 7351.67
53153.9 7367.22
53147.5 7357.22
53136.1 7370.28
53122.8 7374.72
53121.4 7375
53113.3 7398.06
53091.9 7438.06
53078.3 7437.5
53073.3 7430.28
53058.9 7407.78
53050 7400
53071.9 7393.33
53083.6 7395.28
53089.7 7381.11
53071.7 7358.89
53043.1 7340.28
53050.6 7375.28
53032.5 7377.78
53015.6 7397.78
53042.2 7404.72
53023.9 7425
53023.1 7455.83
52998.9 7472.78
53026.1 7469.44
53039.7 7491.67
53049.4 7462.5
53040 7439.44
53070 7452.5
53091.4 7478.33
53056.4 7507.5
53111.9 7528.33
53139.4 7523.33
53126.1 7491.94
53172.8 7475
53146.1 7475.83
53147.5 7524.44
53159.2 7538.89
53213.9 7546.67
53190.8 7587.22
53183.3 7592.22
53180.3 7576.67
53165 7565.56
53157.5 7591.94
53140 7602.22
53187.8 7625
53201.7 7626.94
53176.4 7656.94
53210.8 7650.83
53225 7676.67
53207.5 7721.67
53232.5 7726.94
53241.7 7721.67
53276.7 7708.06
53295.3 7728.61
53314.4 7751.11
53288.9 7746.67
53283.3 7750
53277.5 7776.67
53269.2 7776.39
53303.1 7786.11
53339.7 7798.33
53330.3 7818.89
53329.4 7812.78
53269.4 7826.94
53246.7 7850.83
53285 7866.39
53255 7893.61
53236.7 7873.61
53221.7 7884.17
53223.3 7906.11
53231.1 7915.83
53208.3 7923.61
53235.3 7925
53251.1 7941.67
53250 7966.67
53220.6 7948.33
53236.1 7958.89
53225.8 7980
53270 7994.17
53250.8 7976.11
53325.3 7979.44
53348.1 7984.72
53344.4 7966.94
53300.8 7950.83
53287.8 7905.28
53283.3 7883.33
53325.6 7883.06
53337.5 7886.11
53366.7 7933.33
53353.3 7974.72
53366.4 7974.17
53405.8 7973.33
53422.8 7937.22
53433.3 7950
53433.3 7966.67
53415.6 7980.56
53400 7983.33
53396.7 7975.56
53384.4 7974.72
53375.6 8000.28
53394.4 7998.33
53387.8 8023.33
53352.8 8045.83
53329.7 8014.44
53339.7 8016.94
53301.4 8012.22
53300 8000
53277.8 8037.22
53299.7 8070.56
53283.3 8100
53279.4 8099.17
53265.3 8113.06
53295.3 8108.33
53298.6 8122.22
53309.4 8114.17
53325.3 8125.56
53365.3 8119.72
53362.8 8115.56
53323.6 8100.28
53318.6 8068.33
53331.9 8066.11
53339.4 8060
53345 8090
53375.3 8068.33
53386.7 8073.61
53396.4 8043.33
53421.4 8039.17
53413.3 8048.89
53395.3 8105.28
53408.1 8121.11
53414.4 8121.11
53405 8145.83
53396.4 8146.94
53383.3 8166.67
53381.4 8193.89
53399.4 8196.11
53416.4 8183.33
53410 8205
53421.9 8225.83
53433.3 8233.33
53466.7 8216.67
53483.3 8266.67
53516.7 8283.33
53516.7 8316.67
53533.3 8350
53600 8383.33
53600 8350
53633.3 8350
53666.7 8333.33
53750 8333.33
53783.3 8250
53700 8216.67
53683.3 8116.67
53700 8100
53733.3 8083.33
53716.7 8050
53766.7 8050
53783.3 8100
53783.3 8033.33
53816.7 8050
53883.3 8083.33
53850 8183.33
53850 8200
53900 8216.67
53933.3 8250
53958.9 8287.78
53966.7 8300
53962.5 8337.78
53988.3 8350
53948.3 8311.39
53916.7 8300
53900 8300
53833.3 8383.33
53866.7 8400
53900 8383.33
53916.7 8366.67
53947.5 8391.94
53958.3 8403.33
53960.3 8418.06
53973.9 8413.61
53976.9 8451.67
53980.3 8461.11
53983.3 8466.67
53955 8467.5
53965.6 8504.44
53989.2 8526.67
53992.8 8510.83
54005.8 8500
54002.2 8468.33
54027.5 8476.67
54047.8 8448.06
54005.6 8431.67
54024.2 8400.56
53968.6 8373.89
54027.5 8337.22
54012.8 8323.06
54028.6 8278.89
54014.7 8224.44
54026.9 8228.61
54038.3 8223.61
54068.1 8199.44
54077.2 8175.56
54116.7 8166.67
54103.9 8176.67
54100 8200
54091.7 8208.89
54083.3 8183.33
54108.3 8152.78
54166.7 8150
54196.9 8134.72
54204.7 8136.67
54206.4 8155.56
54164.2 8169.72
54185.3 8191.67
54195.3 8199.72
54185.3 8233.33
54191.4 8261.11
54174.7 8281.67
54116.7 8283.33
54123.3 8247.78
54105 8264.72
54100 8250
54072.8 8247.22
54063.6 8255.83
54083.1 8275
54072.2 8278.61
54080.6 8307.22
54092.8 8308.33
54087.8 8325.83
54109.2 8316.11
54119.2 8330.28
54148.1 8301.67
54163.6 8310.56
54201.9 8285.83
54209.7 8286.94
54233.3 8316.67
54233.3 8300
54277.2 8280
54289.4 8280.83
54326.9 8274.44
54325.8 8313.89
54266.4 8322.5
54269.2 8340.28
54199.7 8325.56
54230.8 8356.67
54212.5 8387.22
54200 8366.67
54158.6 8369.44
54163.3 8398.06
54131.7 8394.44
54100.6 8405
54111.4 8358.06
54091.4 8352.78
54079.2 8376.11
54078.9 8413.89
54084.2 8447.5
54074.7 8450.56
54103.3 8457.5
54129.2 8441.94
54168.6 8393.33
54183.1 8419.44
54192.2 8446.39
54190.8 8480.56
54221.4 8499.72
54211.7 8509.44
54228.6 8516.11
54236.4 8542.5
54213.6 8564.72
54205.6 8566.39
54189.4 8553.61
54175.6 8556.94
54114.2 8533.06
54107.5 8544.72
54098.6 8549.72
54099.4 8575
54089.2 8589.44
54075 8592.22
54083.6 8564.17
54135 8561.39
54130 8569.72
54125.6 8591.11
54140 8641.67
54121.1 8645.28
54108.3 8630.28
54157.2 8605
54170 8603.33
54182.2 8602.5
54178.1 8599.72
54167.8 8620.83
54177.2 8658.89
54215.8 8660.56
54240 8676.11
54170.3 8671.39
54131.7 8680
54121.9 8693.61
54122.2 8725.56
54133.9 8716.39
54139.7 8697.78
54106.4 8684.17
54082.8 8666.94
54092.5 8674.72
54078.3 8699.72
54048.1 8687.5
54091.1 8721.11
54107.8 8735.56
54101.9 8777.5
54081.7 8786.11
54092.5 8764.44
54072.8 8755
54040.8 8760
54050 8733.33
54040 8722.5
54020.3 8712.5
54009.2 8720.28
53997.5 8722.22
53985.8 8735
53966.7 8751.67
53958.9 8750.28
53991.4 8789.72
53976.4 8791.39
53981.9 8778.89
54003.3 8769.44
54016.7 8766.67
54031.9 8787.5
54046.4 8793.61
54037.5 8816.94
54049.4 8824.72
54058.6 8803.33
54059.4 8820
54071.9 8819.72
54084.2 8815
54069.2 8865.56
54072.5 8850.83
54038.3 8873.33
54055.8 8903.06
54033.3 8900
54022.8 8908.06
54000.8 8940.56
54011.7 8961.39
54016.7 8983.33
54035.8 8985
54086.9 8939.72
54160.8 8994.44
54121.4 8979.44
54110 8995.28
54109.4 9027.5
54091.9 9038.61
54130.6 9051.39
54150 9033.33
54166.4 9035.83
54165.8 9081.67
54179.4 9100
54148.6 9091.94
54122.2 9080.83
54131.4 9110.83
54143.1 9115.28
54125.8 9139.72
54184.7 9180.28
54191.7 9203.61
54188.3 9230.83
54181.9 9252.78
54180.8 9283.89
54198.6 9265.56
54200 9216.67
54208.1 9219.44
54198.1 9205.28
54200 9185.56
54192.5 9171.39
54171.7 9161.11
54151.1 9152.22
54154.4 9126.94
54162.8 9129.44
54168.3 9125.28
54193.6 9116.39
54216.7 9100
54223.6 9092.22
54192.2 9071.67
54203.6 9051.39
54196.4 9023.06
54209.7 9026.94
54213.3 8991.94
54181.7 8997.5
54178.9 8973.33
54215 8931.67
54235.3 8913.06
54243.9 8914.17
54233.6 8946.67
54235.8 8996.11
54242.2 9000.56
54227.2 9034.44
54239.2 9056.11
54253.6 9063.33
54260.6 9034.44
54265.8 9030.56
54266.7 9033.33
54276.4 9038.33
54287.8 9037.78
54289.7 9018.89
54289.2 8998.33
54282.5 8983.89
54288.6 8961.67
54280.3 8930.56
54261.7 8925
54268.1 8903.61
54251.7 8893.06
54262.5 8881.11
54249.2 8861.67
54231.9 8833.33
54244.2 8846.94
54245.8 8812.5
54261.9 8778.33
54268.6 8783.06
54273.1 8769.44
54264.2 8722.22
54257.8 8722.22
54231.1 8718.61
54243.3 8731.11
54239.4 8757.5
54259.4 8763.06
54253.3 8776.67
54230.8 8799.72
54104.7 8855.56
54105.8 8879.72
54091.1 8920
54090.8 8934.17
54040.8 8925
54010.3 8937.22
53985 8928.33
53968.1 8930.28
53950 8950
53983.6 8959.44
53998.6 8979.17
53986.4 8999.72
53958.6 8990.83
53950.3 8983.06
53971.7 9033.06
53989.4 9026.11
54006.4 9028.06
53992.2 9029.72
54021.7 9031.11
54026.9 9039.44
53997.2 9072.78
54018.3 9089.44
54025.3 9078.61
54037.8 9065.83
54049.7 9082.78
54031.9 9118.33
54022.8 9140.28
54008.1 9140.83
53999.7 9157.78
53971.7 9146.11
53950.3 9136.94
53942.2 9133.06
53952.2 9107.5
53983.3 9116.67
53998.3 9103.33
53961.1 9113.61
53944.4 9101.94
53932.2 9104.17
53915.3 9096.39
53916.9 9133.89
53916.7 9152.78
53898.3 9179.44
53875.8 9160.28
53868.3 9158.06
53853.9 9152.5
53800 9133.33
53750 9116.67
53733.3 9166.67
53683.3 9183.33
53633.3 9200
53633.3 9233.33
53666.7 9283.33
53666.7 9333.33
53683.3 9333.33
53650 9366.67
53533.3 9366.67
53516.7 9450
53566.7 9483.33
53550 9516.67
53550 9500
53500 9500
53516.7 9566.67
53516.7 9600
53390.3 9666.39
53391.7 9615.56
53360.3 9620.83
53350.3 9615.83
53343.1 9643.61
53320 9647.5
53316.9 9610.56
53275.3 9659.72
53241.1 9660.56
53246.4 9612.78
53245.3 9585.83
53289.7 9565
53270.8 9551.11
53290.8 9546.94
53285 9525
53276.7 9518.06
53281.7 9467.78
53243.9 9501.67
53233.3 9483.33
53242.2 9429.17
53233.3 9433.33
53239.4 9423.89
53247.2 9417.78
53240.6 9395.28
53249.4 9350
53247.5 9331.39
53250 9333.33
53246.7 9302.78
53253.6 9246.11
53286.4 9251.39
53314.4 9238.61
53322.5 9270.28
53332.2 9284.17
53343.1 9463.06
53379.2 9496.94
53383.9 9500.56
53406.1 9514.72
53450 9533.33
53375 9537.5
53352.5 9561.94
53314.4 9585
53295.8 9594.44
53278.6 9596.94
53284.7 9595.28
53265.6 9583.61
53260.8 9581.67
53255.6 9580
53251.9 9540.56
53244.4 9535
53231.1 9524.17
53050 9516.67
53101.9 9648.33
53110.3 9662.78
53124.7 9668.33
53136.4 9698.06
53128.1 9738.06
53137.2 9749.72
53151.4 9790
53148.6 9803.61
53245 9738.61
53250 9718.06
53315.3 9769.17
53331.9 9758.33
53359.4 9701.67
53353.1 9707.78
53325.8 9735.28
53396.1 9778.06
53436.1 9871.94
53409.2 9858.33
53373.1 9823.89
53330.6 9827.78
53316.1 9878.33
53332.2 9886.11
53340 9869.72
53400 9916.67
53421.7 9905.56
53476.4 9899.17
53388.1 9999.72
53401.7 10031.9
53433.3 10066.7
53415.8 10120
53439.2 10141.7
53483.3 10083.3
53471.4 10076.7
53495.6 10065.6
53503.6 10063.9
53483.3 10016.7
53466.7 10016.7
53478.6 10059.7
53484.7 10085.8
53498.3 10092.5
53510 10094.7
53525.3 10124.7
53554.2 10134.4
53544.4 10141.7
53546.7 10171.7
53550 10116.7
53566.7 10069.7
53523.3 10046.9
53554.4 10027.2
53544.2 10003.1
53578.9 10015.8
53600 10033.3
53706.7 10090.3
53604.7 10010.3
53566.7 9983.33
53595.3 9974.17
53588.3 9961.94
53562.5 9962.78
53550 9950
53561.4 9917.22
53566.4 9922.22
53596.4 9927.5
53599.4 9911.11
53600 9850
53600 9750
53616.7 9666.67
53600 9683.33
53750 9733.33
53766.7 9816.67
53700 9816.67
53716.1 9890.28
53708.3 9870.83
53704.2 9894.44
53683.3 9900
53713.1 9883.61
53750 9883.33
53760.6 9896.11
53808.3 9953.89
53815 9977.78
53793.3 9988.06
53792.2 10005.8
53811.4 9968.89
53874.4 9951.11
53872.5 9927.5
53865.8 9901.94
53885.8 9920.56
53893.9 9920
53899.2 9941.94
53917.8 9951.39
53916.7 10033.3
53917.8 10016.4
53941.9 10023.9
53963.3 10047.2
53966.7 10083.3
53970.3 10108.1
53972.8 10130.8
53996.1 10070.6
54095.8 10100
54115.8 10102.2
54126.9 10086.7
54100.3 10070.3
53997.8 10038.3
53977.2 10041.9
54011.9 10003.6
53951.1 9948.06
53934.2 9885.83
53931.1 9915
53927.8 9939.17
53958.3 9966.67
53975 9975
54013.1 9961.11
54080.3 9945.28
54105.6 9943.61
54071.9 9940.56
54066.7 9916.67
54110.8 9898.89
54132.8 9845
54172.5 9933.61
54205.3 9928.61
54230.6 9944.72
54225 9990.83
54238.9 9998.61
54263.3 10011.7
54253.6 10040.8
54251.4 10063.6
54203.9 10036.1
54189.2 10054.2
54271.1 10029.7
54284.7 9993.06
54250 9928.61
54250.3 9901.39
54245 9865.28
54253.1 9850
54233.3 9858.33
54220.8 9843.61
54208.1 9859.17
54211.7 9873.33
54181.1 9880.28
54190.6 9905
54207.5 9895.83
54265 9861.94
54312.5 9842.5
54310 9829.72
54312.2 9812.78
54330.6 9790.28
54314.7 9716.67
54296.1 9687.5
54263.3 9653.06
54270.6 9724.72
54240 9700.83
54214.7 9721.94
54180.8 9729.72
54224.4 9753.61
54266.7 9800
54281.7 9799.72
54300.3 9786.39
54275.8 9790.83
54261.9 9798.06
54241.7 9816.67
54224.4 9815.83
54219.2 9802.22
54203.1 9819.17
54211.1 9826.39
54185 9828.33
54167.8 9828.33
54174.4 9793.89
54154.7 9760
54161.9 9749.44
54143.1 9740.28
54133.9 9752.22
54145 9783.33
54096.7 9765.56
54083.3 9846.94
54064.4 9834.44
54044.7 9836.94
54031.1 9812.5
54023.6 9826.39
53993.9 9823.61
53986.4 9839.72
53971.4 9840.56
53949.2 9865.28
53948.1 9836.11
53997.8 9779.17
54000 9733.33
54027.2 9684.44
54137.8 9661.11
54168.9 9673.06
54185 9593.06
54207.8 9621.94
54251.4 9626.94
54235 9573.61
54310.8 9570.56
54300 9550
54304.4 9546.94
54313.3 9503.33
54299.4 9441.39
54297.8 9412.22
54303.6 9411.94
54300 9400
54257.5 9384.44
54286.1 9375
54283.3 9366.67
54295.6 9358.33
54307.8 9354.17
54300 9316.67
54304.2 9300.28
54306.1 9321.67
54313.6 9333.33
54311.1 9315.28
54292.8 9332.5
54284.4 9326.94
54260.3 9327.5
54277.2 9309.17
54286.7 9294.72
54303.1 9267.22
54291.7 9260
54271.4 9225.56
54277.8 9216.94
54255.3 9223.06
54233.3 9200.28
54235.3 9214.72
54259.7 9249.17
54242.5 9253.61
54223.9 9268.89
54232.2 9292.22
54250 9283.33
54266.4 9267.78
54254.4 9331.11
54233.1 9318.89
54206.9 9318.06
54180 9333.61
54196.1 9339.17
54205.6 9361.39
54221.9 9366.39
54221.7 9383.61
54180.6 9410.28
54165.6 9390.28
54176.4 9354.17
54167.5 9348.89
54163.3 9346.11
54154.4 9348.89
54158.1 9328.89
54159.2 9285.28
54113.1 9290.56
54133.3 9316.67
54136.1 9326.11
54114.7 9323.89
54100 9316.67
54070.3 9355
54091.4 9363.06
54110.6 9368.61
54125.8 9365.83
54134.4 9404.44
54156.7 9441.94
54206.7 9507.22
54147.5 9566.67
54119.4 9579.44
54082.2 9573.89
54083.3 9550
54034.7 9498.61
54050.3 9515
54069.7 9507.78
54087.2 9476.94
54105 9499.44
54109.2 9468.33
54112.5 9455.56
54138.1 9456.39
54117.8 9408.33
54093.9 9377.78
54088.6 9387.78
54074.2 9405.56
54061.9 9402.5
54012.5 9403.61
54010.3 9443.89
54040.6 9486.39
54003.3 9538.06
54018.9 9563.61
53960.3 9570.83
53921.1 9563.89
53896.9 9582.5
53901.7 9628.61
53900 9633.33
53900 9717.78
53903.3 9759.17
53880 9814.72
53896.1 9794.17
53903.9 9789.72
53921.7 9791.67
53901.1 9691.11
53775 9687.5
53783.3 9650
53816.7 9566.67
53833.3 9566.67
53883.3 9550
53900 9574.72
53856.4 9527.78
53854.7 9497.22
53875 9498.33
53906.7 9512.78
53926.4 9459.72
53993.6 9420
54009.7 9421.39
54019.4 9395.56
54034.7 9394.17
54045.6 9394.17
54050 9383.33
54041.7 9341.11
54051.7 9339.17
54036.7 9321.39
54027.2 9321.67
54007.2 9320.56
53995.8 9321.11
53983.3 9323.89
54005.3 9285.83
54019.7 9278.61
54037.8 9230.56
54058.9 9213.61
54070 9217.5
54090.8 9236.39
54098.9 9252.22
54120 9233.61
54097.8 9225.56
54094.2 9206.67
54106.1 9210.28
54132.2 9233.61
54157.8 9235.83
54156.4 9206.11
54137.8 9201.67
54116.4 9201.39
54118.6 9181.67
54116.7 9166.67
54108.9 9151.11
54116.7 9141.11
54105.6 9121.11
54105.3 9093.89
54088.1 9109.17
54070.3 9086.67
54083.1 9093.06
54076.7 9078.33
54073.3 9042.78
54066.7 9050
54062.2 9109.17
54081.1 9156.11
54065.6 9181.67
54049.4 9173.89
54029.4 9209.44
54018.9 9175.28
54004.7 9181.67
53973.6 9211.67
53945 9224.44
53958.3 9213.33
53945.6 9171.67
53930.8 9189.44
53940.8 9187.78
53924.2 9195.28
53916.9 9182.22
53903.3 9198.61
53896.7 9205.28
53883.3 9216.67
53887.5 9269.72
53876.4 9249.72
53865 9263.89
53850 9300
53866.4 9337.5
53850 9350
53858.3 9355.56
53858.3 9403.61
53900.8 9406.39
53906.4 9383.33
53943.6 9384.72
53985.8 9367.78
53960.8 9318.06
53966.7 9300
53986.7 9284.17
53986.1 9241.67
53960.6 9249.72
53944.4 9263.61
53933.3 9266.94
53916.7 9250
53920 9270.28
53911.9 9305.83
53899.2 9319.17
53890.6 9313.89
53885 9378.06
53849.7 9371.67
53816.7 9400
53850.8 9425.28
53869.4 9446.67
53833.3 9466.67
53800 9516.67
53750 9550
53733.3 9550
53700 9550
53683.3 9516.67
53750 9466.67
53766.7 9400
53783.3 9383.33
53750 9366.67
53700 9283.33
53733.3 9300
53783.3 9316.67
53750 9233.33
53800 9216.67
53833.3 9233.33
53861.4 9211.67
53869.7 9186.67
53861.1 9182.5
53851.7 9174.44
53833.3 9183.33
53854.2 9108.06
53856.1 9124.72
53876.1 9142.78
53893.6 9149.17
53859.4 9097.22
53873.6 9100
53886.7 9102.5
53908.1 9070.56
53920.8 9060.83
53953.6 9072.78
53944.2 9067.5
53934.2 9045.28
53949.7 9043.89
53950 9033.33
53927.2 9022.22
53918.9 9018.61
53911.1 9020
53908.1 9023.89
53900 9050
53880 9028.33
53853.6 9044.44
53833.3 9033.33
53850 9000
53883.3 8983.33
53800 8966.67
53750 8950
53750 9033.33
53716.7 9000
53683.3 9000
53700 8950
53666.7 8883.33
53633.3 8866.67
53616.7 8900
53666.7 8966.67
53650 9000
53616.7 8966.67
53583.3 9016.67
53550 9016.67
53500 9016.67
53450 9083.33
53416.7 9100
53466.7 9100
53516.7 9083.33
53550 9116.67
53583.3 9116.67
53600 9066.67
53633.3 9100
53650 9116.67
53616.7 9150
53583.3 9166.67
53566.7 9233.33
53550 9216.67
53533.3 9283.33
53413.9 9357.22
53394.4 9334.44
53416.7 9333.33
53409.2 9301.94
53414.4 9282.78
53410.8 9261.39
53405 9240.56
53399.4 9253.06
53377.5 9252.5
53404.2 9271.11
53500 9200
53416.1 9203.89
53394.4 9226.11
53359.2 9224.72
53366.1 9230.28
53357.2 9216.67
53368.6 9220.83
53381.1 9210.83
53383.3 9200
53374.7 9186.11
53384.4 9172.78
53371.9 9154.72
53359.2 9157.5
53353.6 9158.61
53340.6 9203.61
53344.4 9205.83
53320.6 9219.72
53306.4 9212.78
53289.7 9230
53257.5 9212.5
53266.7 9216.67
53275.8 9205.56
53295.6 9159.17
53320.3 9179.17
53324.7 9164.17
53266.9 9146.67
53250 9150
53251.9 9149.72
53274.2 9132.5
53288.9 9127.5
53321.1 9144.44
53326.9 9139.44
53363.3 9130
53370.6 9134.72
53380.8 9136.39
53397.2 9152.5
53412.8 9148.06
53416.7 9150
53411.1 9162.22
53413.6 9177.5
53388.9 9159.44
53375.6 9138.06
53386.4 9056.39
53392.5 9066.39
53417.5 9054.44
53411.1 9029.44
53411.9 9008.06
53406.1 9032.78
53403.3 9045.28
53393.1 9038.61
53392.8 9022.78
53394.4 9024.17
53387.2 9030.56
53373.3 9052.78
53366.7 9065
53375.8 9065
53364.4 9060
53356.7 9070.56
53317.5 9046.11
53312.2 9021.94
53297.5 9019.17
53303.9 8997.78
53296.9 8993.61
53308.9 8955.56
53280.6 8945.28
53287.2 8926.67
53303.3 8930.56
53326.7 8913.89
53330.3 8885.28
53346.4 8860.56
53319.4 8851.67
53324.2 8820
53334.2 8814.72
53378.9 8810
53385.8 8796.39
53413.9 8780.56
53406.4 8813.06
53433.3 8850
53417.8 8846.11
53374.7 8864.72
53366.7 8866.67
53368.1 8888.33
53343.3 8891.67
53349.7 8887.78
53350 8908.61
53359.2 8905
53385.8 8903.89
53387.8 8912.5
53404.4 8922.5
53413.6 8923.33
53368.1 8960.56
53352.8 8971.67
53347.5 8971.67
53338.6 8945
53332.2 8925.28
53355 8927.22
53373.6 8941.11
53376.7 8956.11
53394.4 8959.44
53393.9 8988.33
53385.8 8993.33
53376.1 9012.78
53363.1 9015.56
53381.1 9009.44
53399.7 8999.17
53415.8 8984.17
53466.7 9000
53516.7 8950
53483.3 8933.33
53500 8883.33
53533.3 8883.33
53583.3 8850
53516.7 8850
53500 8750
53483.3 8716.67
53402.2 8745.56
53412.2 8746.67
53404.4 8760.28
53376.4 8762.5
53397.5 8745
53382.2 8716.67
53367.8 8697.78
53340.8 8678.33
53323.3 8654.17
53359.7 8633.33
53389.4 8616.11
53360.8 8604.44
53367.2 8570.83
53373.3 8536.94
53371.4 8506.39
53378.3 8466.67
53363.3 8445.83
53332.8 8421.11
53343.9 8408.33
53332.8 8392.22
53309.7 8395
53276.4 8403.61
53267.5 8400.83
53236.1 8369.44
53242.5 8388.33
53217.5 8418.33
53233.9 8416.39
53278.9 8430
53318.1 8455.83
53304.2 8478.33
53300.3 8483.89
53314.4 8506.67
53327.2 8464.17
53348.3 8466.11
53369.2 8435.83
53383.9 8431.94
53414.2 8443.06
53433.3 8433.33
53483.3 8366.67
53419.2 8371.67
53401.7 8351.39
53416.1 8345.56
53420.8 8324.17
53395.6 8329.44
53382.5 8297.78
53390.3 8277.22
53360.8 8236.39
53361.7 8220
53359.4 8195.28
53346.9 8158.33
53327.5 8219.44
53314.2 8202.22
53281.7 8200.28
53263.3 8211.67
53276.1 8165
53230.3 8180
53247.8 8183.06
53258.9 8236.94
53238.1 8234.44
53198.1 8232.22
53210.8 8221.11
53235.6 8268.33
53218.9 8279.17
53189.7 8265.56
53184.2 8298.06
53198.3 8300
53208.3 8322.22
53217.5 8351.39
53229.7 8331.67
53246.9 8319.72
53287.8 8350.28
53378.3 8378.33
53361.7 8334.72
53355.6 8345.56
53341.1 8358.61
53302.2 8312.5
53342.2 8266.39
53301.1 8264.72
53293.6 8242.5
53269.4 8261.94
53250 8300
53279.7 8316.39
53270.3 8341.67
53255.6 8346.11
53241.7 8350.56
53224.7 8351.39
53208.1 8370.83
53189.2 8372.22
53201.7 8355
53156.7 8336.94
53148.1 8335
53138.6 8358.61
53149.4 8372.5
53161.9 8386.39
53168.1 8390.56
53195.8 8393.61
53176.1 8423.61
53144.2 8390.83
53117.8 8397.5
53131.7 8404.17
53141.9 8415.56
53156.4 8429.72
53157.2 8454.17
53175.6 8448.61
53183.6 8455.28
53201.4 8467.22
53200 8466.67
53191.1 8478.06
53176.9 8486.94
53213.3 8493.61
53228.6 8449.17
53271.1 8439.72
53258.9 8453.61
53246.4 8467.22
53237.5 8479.44
53259.2 8504.44
53240.6 8505.83
53264.2 8534.44
53296.9 8547.5
53281.7 8548.06
53255 8545.83
53239.4 8551.39
53246.9 8551.67
53231.9 8552.78
53196.9 8566.94
53160.3 8570
53161.1 8527.78
53162.5 8496.39
53139.4 8466.39
53133.6 8462.22
53114.7 8440
53098.3 8427.5
53066.7 8450
53086.4 8488.89
53103.9 8476.39
53117.5 8494.17
53143.1 8542.78
53046.7 8539.17
53015.6 8588.89
52941.4 8571.67
52917.2 8580.56
52909.4 8573.33
52897.2 8538.61
52924.4 8534.44
52924.4 8586.67
52911.1 8618.33
52894.7 8630.56
52883.9 8601.11
52866.7 8600
52808.6 8588.06
52802.2 8564.72
52797.5 8578.61
52793.6 8614.44
52804.7 8632.22
52767.5 8624.44
52749.2 8642.78
52733.3 8616.67
52683.3 8616.67
52681.1 8609.72
52685.8 8574.44
52707.8 8575.28
52722.2 8553.89
52739.2 8540.28
52733.3 8566.67
52736.4 8576.11
52769.4 8523.06
52754.7 8496.94
52750.6 8493.89
52713.9 8499.44
52737.5 8457.5
52691.1 8382.78
52733.3 8349.44
52711.1 8409.72
52735.6 8440.83
52787.5 8482.78
52765.6 8435.83
52774.7 8429.44
52777.2 8404.17
52801.9 8402.22
52807.8 8435.56
52806.7 8443.61
52834.2 8438.33
52851.1 8503.89
52888.6 8511.67
52898.9 8509.17
52888.1 8457.5
52799.2 8358.61
52767.2 8345.83
52733.3 8333.33
52794.2 8290.28
52825.6 8289.72
52835.6 8278.06
52888.6 8307.5
52913.6 8306.11
52932.8 8281.94
52953.3 8265.83
52961.7 8273.33
52981.1 8249.17
52984.7 8224.72
52976.1 8181.67
53002.2 8146.67
52995.3 8128.06
52896.9 8132.5
52886.9 8159.17
52932.2 8157.22
52901.1 8236.11
52906.9 8245
52928.9 8237.5
52923.1 8276.67
52902.8 8346.11
52882.5 8350.28
52876.7 8381.67
52936.4 8354.17
52955 8370.28
52949.2 8371.39
52942.2 8388.33
52930.6 8425.83
52958.1 8480.56
52949.2 8449.17
52961.1 8424.72
52981.7 8436.11
52997.5 8418.61
53048.3 8400.28
53027.5 8390.56
52994.2 8360
52978.3 8368.06
53000 8383.33
53015.6 8359.72
53033.3 8333.33
53038.6 8328.06
53034.4 8338.89
53038.9 8351.39
53071.9 8380.28
53099.7 8381.94
53103.1 8392.22
53081.7 8370.56
53111.9 8350.83
53118.1 8348.61
53096.1 8343.06
53082.2 8321.11
53071.1 8330.83
53056.9 8314.72
53103.6 8306.39
53105 8317.78
53108.9 8315
53111.7 8317.78
53146.9 8298.06
53163.3 8284.72
53141.7 8285.83
53125 8287.22
53098.9 8268.61
53103.1 8248.06
53115 8226.94
53123.6 8241.67
53129.4 8236.39
53144.4 8224.17
53156.7 8257.22
53175.6 8264.44
53172.8 8261.39
53174.4 8220.28
53160.6 8224.17
53150 8200
53146.7 8193.61
53157.8 8157.5
53183.1 8167.78
53171.1 8170.56
53188.1 8195
53192.8 8164.72
53197.5 8132.5
53191.9 8120.83
53185.3 8098.06
53175.3 8115.28
53187.5 8150
53166.4 8151.39
53133.1 8148.61
53090.6 8182.78
53114.2 8214.17
53116.7 8216.67
53089.2 8218.89
53020.6 8221.94
53050.3 8198.89
53094.4 8150
53062.5 8143.89
53038.6 8086.39
53033.3 8066.67
52954.7 8058.06
52956.9 8012.5
52940.3 8035.56
52921.4 7993.06
52964.7 7986.11
52979.7 7980.83
52988.9 7970.28
53060.3 7971.94
53003.1 8007.78
53017.2 8026.67
53055.8 8030.56
53052.8 8048.89
53104.2 8049.44
53104.2 8023.33
53116.7 8000
53116.1 8026.94
53134.7 8035.56
53110.8 8064.44
53070.8 8078.89
53082.8 8092.22
53090.6 8121.11
53122.5 8108.06
53173.1 8087.5
53206.1 8088.89
53226.4 8068.61
53213.3 8061.39
53213.3 8029.72
53238.9 8056.67
53227.2 8048.33
53216.7 8050
53203.3 8054.72
53188.1 8049.44
53175.3 8049.44
53188.6 8040.83
53181.7 8023.61
53170.3 8021.94
53151.1 8012.5
53148.1 8001.67
53143.1 7988.06
53188.6 7986.67
53136.9 7970.56
53130.3 7975
53141.1 7926.11
53161.7 7951.39
53171.4 7944.44
53193.1 7901.94
53205 7880.56
53211.1 7860.83
53195.3 7881.94
53155.8 7882.78
53133.6 7888.06
53108.3 7876.67
53099.2 7840
53081.7 7848.06
53068.3 7863.61
53051.7 7869.44
53059.7 7857.78
53068.9 7839.44
53077.2 7832.22
53070.6 7795.56
53040.6 7806.39
53032.2 7788.33
53005 7796.39
53008.3 7839.17
52989.4 7887.5
52931.9 7877.22
52943.1 7918.06
52912.2 7908.89
52906.1 7871.39
52885.8 7877.78
52859.7 7849.72
52874.7 7832.5
52858.6 7829.17
52827.5 7817.78
52803.6 7804.17
52794.7 7833.89
52823.6 7869.72
52847.5 7955.28
52858.1 7958.33
52880.3 7958.61
52896.9 7970.83
52919.2 7954.72
52927.8 7949.44
52982.5 7924.44
53000.8 7924.44
53009.2 7927.78
53020.6 7941.67
53033.6 7920.28
53049.4 7907.78
53080.6 7925.83
53085.6 7905.28
53091.4 7913.33
53077.2 7897.22
53080.6 7892.5
53093.3 7885.83
53113.9 7890.28
53150 7835.83
53136.1 7807.5
53114.2 7804.17
53100.6 7803.61
53086.4 7802.5
53147.2 7766.67
53186.1 7807.78
53189.4 7841.39
53220 7847.22
53223.9 7821.67
53212.5 7805
53217.5 7797.22
53226.9 7791.39
53239.4 7786.11
53201.7 7777.5
53190.6 7775.28
53194.7 7747.22
53166.7 7733.33
53174.2 7725.56
53190.8 7714.44
53173.1 7696.11
53154.2 7681.67
53161.1 7720.83
53104.2 7736.11
53087.2 7755.28
53077.2 7727.5
53095.6 7721.39
53113.1 7678.89
53125.3 7658.33
53138.3 7641.67
53098.6 7645.83
53088.9 7624.17
53057.2 7551.11
53040.6 7538.33
52995 7556.11
52990 7605.28
53003.6 7590.56
53027.5 7597.22
53022.5 7609.17
53024.7 7640
52996.1 7639.44
52955.8 7641.67
52938.6 7646.39
52936.4 7636.39
52934.4 7659.17
52928.9 7656.39
52916.9 7649.72
52898.6 7670.83
52911.4 7617.5
52899.4 7602.5
52873.6 7596.94
52909.4 7604.72
52886.4 7667.22
52858.9 7685.28
52872.2 7730.28
52891.9 7731.11
52890.8 7705
52916.7 7697.22
52920.3 7684.44
52938.3 7680.28
52977.2 7690
52990.3 7702.78
53033.1 7723.33
53061.4 7744.44
53019.2 7757.5
52959.2 7726.39
52919.2 7747.22
52951.1 7801.67
52900 7816.67
52900.8 7817.5
52873.3 7806.94
52841.9 7776.11
52827.8 7764.72
52810.8 7755.83
52795 7773.06
52768.9 7768.61
52774.2 7815
52755.6 7826.67
52755.8 7842.78
52718.9 7856.39
52682.2 7852.22
52681.9 7802.22
52676.9 7778.89
52709.7 7788.61
52713.9 7801.39
52732.8 7786.67
52724.4 7767.22
52761.1 7730.83
52763.3 7729.44
52787.2 7719.72
52795.8 7711.39
52788.3 7690.28
52773.6 7642.22
52762.8 7623.33
52833.9 7619.17
52841.4 7613.33
52863.1 7606.94
52854.7 7580.28
52855.3 7567.22
52833.3 7593.33
52797.8 7583.06
52781.7 7611.11
52773.3 7611.39
52734.4 7593.06
52696.7 7630.83
52698.1 7625.28
52676.7 7599.17
52685 7591.67
52694.7 7602.5
52720.6 7582.5
52707.2 7558.89
52749.2 7554.17
52734.7 7530.56
52724.7 7522.22
52690.6 7536.39
52647.2 7481.94
52616.7 7438.89
52600 7416.67
52621.9 7424.44
52606.4 7387.5
52657.2 7379.44
52634.7 7323.61
52622.2 7363.06
52612.8 7376.94
52599.7 7363.89
52566.9 7346.94
52602.8 7301.94
52610.6 7289.17
52583.1 7270.28
52575.3 7294.44
52557.8 7301.39
52550 7300
52541.1 7273.06
52534.4 7261.39
52519.7 7308.89
52504.7 7297.22
52500 7316.67
52490.6 7322.22
52468.1 7294.44
52452.5 7246.67
52442.8 7212.22
52416.7 7233.33
52400 7216.67
52400 7200
52399.2 7178.33
52384.4 7166.11
52367.2 7164.72
52339.4 7160.28
52326.7 7160
52369.4 7128.33
52333.3 7133.33
52315 7120.83
52288.9 7143.61
52278.6 7159.72
52307.5 7166.67
52306.1 7171.67
52297.5 7246.67
52309.4 7263.61
52346.4 7264.44
52288.3 7320.56
52291.7 7297.78
52286.4 7298.89
52279.7 7252.78
52289.4 7248.33
52300 7228.33
52311.1 7221.94
52363.3 7220.28
52388.6 7227.5
52385.8 7245
52406.1 7244.44
52423.6 7263.61
52425.6 7281.67
52400.8 7301.11
52394.2 7290
52384.7 7296.94
52371.9 7334.44
52386.7 7342.22
52353.3 7340.28
52365.8 7323.89
52335.6 7304.44
52330 7315.56
52323.3 7303.89
52325 7321.67
52319.4 7324.17
52333.1 7358.06
52322.5 7383.06
52343.1 7416.39
52349.2 7413.06
52353.1 7378.61
52355.8 7369.72
52376.1 7360.83
52412.8 7362.5
52421.9 7361.67
52433.3 7345
52446.1 7366.39
52461.7 7344.44
52463.1 7328.61
52446.1 7303.06
52432.2 7278.33
52438.6 7263.33
52481.9 7261.67
52473.3 7259.17
52508.1 7243.06
52483.6 7211.94
52468.1 7196.39
52457.8 7188.61
52392.5 7106.67
52421.9 7092.22
52430 7107.78
52501.4 7086.67
52505.3 7069.72
52488.9 7062.78
52498.6 7056.94
52512.2 7030.83
52472.5 7021.94
52451.9 7016.67
52440 7030.28
52431.7 7045.56
52426.4 7006.11
52417.8 7003.33
52479.4 6997.5
52451.9 6978.89
52455.6 6956.94
52450.3 6939.72
52467.8 6899.17
52425.3 6915.56
52424.2 6928.33
52396.7 6936.67
52399.7 6947.78
52384.7 7000.83
52406.1 7015.56
52415.3 7052.5
52401.7 7056.94
52396.1 7042.5
52373.6 7039.44
52351.7 7025
52376.1 7021.67
52366.7 7016.67
52356.4 7005.56
52345.8 6975.28
52342.8 6974.44
52327.2 6925.28
52317.8 6966.11
52321.7 7002.78
52318.3 7003.33
52305 6981.94
52303.1 6963.89
52307.2 6951.94
52289.2 6941.39
52264.7 6916.39
52267.2 6949.72
52245 6959.17
52240.6 6956.39
52236.4 6968.06
52270.8 6998.33
52240.3 7015.28
52196.7 7010
52199.7 7021.39
52175.6 7006.11
52151.4 6986.11
52164.2 7014.44
52136.1 7038.33
52141.9 7046.39
52148.6 7065.28
52157.5 7053.89
52170 7039.72
52172.5 7026.39
52214.7 7031.11
52228.9 7040.28
52279.4 7035
52280.6 7063.61
52352.5 7078.61
52347.5 7095.83
52318.3 7088.06
52280.6 7086.67
52258.3 7111.94
52264.4 7107.78
52216.4 7065.83
52205.8 7081.94
52223.9 7165.83
52242.5 7170.56
52158.9 7146.39
52139.4 7174.44
52141.1 7186.94
52155 7206.67
52157.5 7226.39
52156.7 7235.28
52141.1 7256.94
52169.7 7256.94
52177.2 7230.83
52184.7 7190.83
52196.1 7187.5
52196.7 7179.17
52208.3 7197.5
52249.4 7213.89
52269.2 7208.06
52265.8 7230.56
52243.3 7241.67
52237.2 7231.11
52228.1 7234.17
52221.4 7231.94
52216.7 7233.33
52229.7 7260.83
52207.5 7257.5
52189.2 7258.61
52182.2 7300.83
52179.2 7312.5
52164.4 7306.67
52138.1 7304.44
52153.6 7325.83
52163.9 7324.17
52170.6 7333.61
52147.2 7342.78
52174.4 7393.06
52174.7 7403.89
52166.1 7400.83
52140.3 7374.44
52141.1 7356.39
52176.1 7335
52198.3 7328.89
52200.8 7300
52226.7 7342.78
52243.9 7331.11
52254.4 7334.72
52285.3 7384.17
52280 7390.83
52268.9 7397.78
52222.2 7455.56
52189.2 7469.17
52183.3 7451.11
52209.7 7425.83
52210 7423.61
52221.7 7388.89
52243.1 7382.22
52248.3 7397.5
52278.3 7437.78
52299.4 7420.28
52289.2 7460.83
52296.1 7471.94
52286.7 7489.17
52306.7 7497.5
52290.6 7553.06
52282.2 7618.33
52197.5 7678.61
52195.6 7665.56
52188.1 7657.5
52196.7 7549.44
52204.7 7540.56
52204.7 7499.72
52205.8 7498.61
52168.1 7522.22
52144.4 7517.78
52116.9 7504.72
52113.3 7486.94
52130 7460
52126.7 7460.28
52155.3 7420.28
52151.7 7450.56
52156.1 7465.56
52144.2 7473.61
52160 7475.28
52155.3 7503.89
52155.6 7534.17
52162.5 7554.44
52170.6 7588.06
52111.1 7661.11
52088.1 7625.28
52068.3 7643.33
52064.2 7646.67
52093.9 7611.39
52112.8 7592.78
52126.4 7561.11
52104.2 7571.39
52085 7566.94
52049.7 7567.22
52048.3 7585.28
52028.9 7585.83
52013.9 7595
51991.7 7616.39
51991.4 7635
52007.5 7623.33
52015.6 7621.11
52051.9 7595.83
52051.4 7607.22
52041.1 7635.83
52041.4 7656.67
52072.8 7672.22
52082.5 7678.06
52065 7698.61
52095.8 7717.5
52079.2 7739.17
52031.7 7721.94
52048.6 7702.78
52055.8 7715
52010.8 7703.61
52009.7 7666.11
51974.2 7703.33
51962.2 7717.5
51949.2 7725.28
51955.3 7747.22
51974.2 7781.11
51986.4 7752.78
52008.1 7755.56
52008.1 7774.17
52025.6 7803.61
52013.3 7780
52049.4 7753.33
52087.5 7753.33
52109.4 7749.44
52140.8 7714.17
52150.6 7720.83
52150 7700
52133.1 7677.78
52183.3 7716.67
52202.2 7715
52271.7 7729.44
52262.5 7725.28
52211.1 7736.67
52264.4 7744.72
52273.6 7758.89
52282.8 7770.56
52292.8 7773.89
52298.1 7777.22
52317.5 7746.67
52315 7730
52316.7 7716.67
52345.6 7709.44
52347.2 7693.61
52355 7703.89
52378.1 7688.06
52386.4 7663.33
52395.3 7646.67
52362.2 7644.17
52354.7 7650.56
52334.4 7618.06
52321.4 7588.06
52366.7 7509.44
52373.3 7489.44
52374.4 7449.17
52391.7 7415.83
52370.8 7397.22
52373.3 7391.39
52371.4 7393.06
52399.2 7396.67
52398.9 7384.72
52415.3 7397.22
52412.8 7433.33
52451.9 7461.39
52456.4 7494.17
52446.9 7467.78
52464.7 7460.28
52475.8 7445.28
52452.5 7431.11
52465.6 7399.72
52500.8 7383.61
52545 7391.11
52573.9 7411.94
52532.2 7420.56
52501.7 7440.83
52500.6 7503.06
52510 7504.17
52548.3 7511.67
52585.6 7473.33
52587.2 7540
52574.4 7550.28
52593.3 7562.5
52627.5 7541.39
52650 7536.67
52657.8 7550.56
52613.6 7582.78
52638.1 7606.11
52584.7 7603.61
52584.2 7638.06
52590.3 7665
52615.8 7640.28
52669.7 7683.61
52708.1 7664.72
52733.9 7685.28
52732.2 7712.78
52709.2 7717.5
52702.5 7715.56
52671.7 7720
52639.4 7738.06
52616.4 7775.28
52597.8 7797.22
52563.1 7768.89
52575.3 7720.28
52522.2 7716.94
52460.6 7731.39
52467.2 7691.11
52478.9 7676.39
52526.1 7681.67
52561.1 7706.94
52569.7 7701.94
52568.3 7671.39
52534.4 7620.83
52516.1 7588.06
52468.1 7608.33
52475.6 7595.83
52484.7 7556.39
52449.7 7537.78
52466.7 7513.89
52434.2 7529.17
52407.5 7536.39
52393.6 7545.83
52360.3 7576.67
52400 7600
52430.8 7648.89
52418.1 7703.89
52414.7 7770.28
52347.8 7748.89
52316.9 7778.61
52328.3 7825
52337.8 7788.89
52353.1 7783.33
52355.8 7812.5
52351.4 7833.06
52318.9 7854.17
52291.7 7848.33
52302.2 7857.22
52289.2 7852.78
52285 7845.28
52272.8 7811.11
52256.9 7806.94
52241.9 7816.94
52277.8 7834.17
52276.1 7871.94
52270.6 7883.06
52274.7 7915.83
52311.7 7875
52333.3 7888.61
52344.4 7892.78
52379.2 7858.61
52401.1 7819.44
52404.2 7865.56
52417.2 7858.89
52440 7882.5
52476.9 7891.11
52470.6 7936.11
52447.2 7945.56
52458.1 7970
52497.8 7980.28
52514.4 7987.78
52553.9 8021.11
52537.8 7991.39
52522.5 8024.44
52494.2 8024.44
52465.6 8061.94
52448.1 8062.5
52439.2 8036.67
52411.4 8061.11
52473.3 8155.83
52508.3 8152.5
52540.8 8146.67
52525.3 8135.28
52543.3 8182.22
52533.3 8195.28
52499.4 8200
52512.5 8211.11
52531.4 8213.61
52545 8211.11
52511.9 8270.28
52529.7 8258.33
52552.5 8271.94
52550 8250
52560.6 8234.17
52567.8 8256.39
52603.6 8244.44
52692.5 8273.61
52686.4 8235.83
52652.2 8185
52679.4 8162.5
52693.9 8143.89
52727.8 8150.28
52733.6 8143.33
52776.7 8132.78
52788.9 8184.17
52790.3 8234.17
52820.3 8255
52821.7 8250.83
52829.4 8215.28
52821.7 8193.33
52861.9 8196.67
52881.7 8195.83
52867.5 8167.5
52846.7 8175.83
52827.2 8161.11
52834.2 8125
52878.1 8086.39
52892.8 8078.89
52903.1 8064.72
52860.8 8061.67
52849.7 8032.22
52828.6 8023.06
52785.8 8022.22
52775.3 8061.67
52760.6 8098.06
52758.3 8078.06
52749.2 8080
52743.9 8038.89
52772.5 8024.72
52752.2 7953.06
52769.2 7958.89
52763.9 7930.28
52786.1 7913.61
52784.2 7873.61
52768.9 7893.06
52733.9 7909.72
52716.7 7906.67
52689.4 7904.72
52670 7928.06
52659.2 7940.83
52659.2 7952.78
52681.9 7955.83
52689.7 7932.22
52700.8 7933.89
52714.4 7924.44
52716.7 7916.67
52711.9 7980.56
52698.1 8014.44
52693.9 8031.39
52703.3 8017.5
52688.1 8096.39
52675.3 8086.94
52638.3 8067.5
52621.7 8057.78
52590.6 8053.33
52599.7 8003.61
52611.9 8008.33
52653.9 7969.72
52640 7968.33
52628.3 7948.61
52628.6 7924.17
52641.1 7926.39
52614.4 7893.06
52656.4 7876.67
52644.4 7866.67
52639.7 7863.06
52625.8 7851.94
52576.4 7825.83
52539.7 7813.33
52511.4 7810.83
52500.3 7811.67
52485 7814.72
52503.3 7838.33
52515.8 7885.56
52540.3 7931.94
52556.1 7928.33
52551.7 7970.28
52601.9 7960.28
52590 7954.44
52589.4 7986.39
52571.7 7997.78
52586.4 8014.72
52560.6 8042.22
52559.7 8076.94
52575.6 8106.67
52587.2 8088.61
52596.4 8092.22
52632.2 8108.61
52638.9 8137.78
52644.7 8143.89
52616.7 8183.33
52591.7 8215.28
52568.9 8208.06
52576.7 8196.11
52587.2 8187.5
52581.9 8163.61
52588.9 8153.61
52564.4 8110.28
52556.1 8115.56
52521.9 8081.39
52527.2 8088.06
52509.7 8077.78
52450.3 8181.94
52459.4 8187.78
52410.6 8229.44
52434.4 8255.56
52450.8 8249.44
52472.2 8234.72
52503.3 8237.22
52490.6 8268.61
52466.9 8275.28
52479.7 8309.72
52441.7 8316.11
52463.9 8349.17
52482.8 8339.72
52522.5 8327.22
52535.8 8331.39
52547.2 8352.5
52561.9 8353.33
52569.7 8335.56
52580 8328.61
52591.1 8317.22
52590.3 8314.72
52615.6 8293.06
52630.8 8277.5
52628.6 8292.22
52614.4 8335.56
52600 8356.67
52521.9 8399.17
52468.1 8397.78
52473.1 8430.56
52492.2 8457.5
52475 8464.72
52498.6 8448.61
52500.3 8453.06
52513.9 8508.06
52504.2 8486.94
52521.9 8476.39
52518.6 8465.56
52593.6 8470.28
52559.7 8446.39
52571.7 8429.72
52612.8 8420.83
52635.6 8414.72
52651.1 8396.11
52646.1 8425
52677.2 8451.67
52670.6 8463.89
52644.4 8470.28
52620 8461.11
52610.6 8455.83
52631.7 8478.61
52596.1 8546.94
52567.2 8538.89
52541.4 8521.11
52540.8 8545
52505.8 8538.06
52474.2 8545.83
52450 8500
52428.3 8461.11
52435.8 8406.39
52396.1 8425.56
52384.2 8386.94
52412.8 8379.44
52405 8374.72
52424.2 8384.44
52405 8353.33
52372.5 8345.83
52380 8337.5
52400.3 8292.78
52361.7 8271.11
52352.8 8276.67
52361.7 8309.17
52340 8318.61
52285.8 8281.11
52219.2 8291.67
52213.9 8272.22
52239.4 8268.33
52265.8 8268.06
52234.4 8331.67
52211.9 8351.94
52186.7 8357.5
52171.7 8372.78
52184.7 8334.17
52209.2 8321.11
52243.1 8314.44
52264.7 8323.61
52253.1 8363.61
52261.9 8356.11
52278.3 8366.39
52300.6 8382.22
52294.7 8382.22
52308.6 8405.83
52316.7 8500
52342.2 8526.67
52337.8 8553.61
52291.7 8555.56
52266.7 8550
52251.7 8541.39
52267.2 8510
52260 8498.06
52256.1 8471.67
52220.3 8501.39
52193.1 8517.78
52208.1 8556.11
52239.2 8542.78
52253.9 8606.94
52234.7 8584.44
52223.3 8581.94
52216.7 8583.33
52211.1 8603.89
52201.1 8606.94
52183.3 8633.33
52236.7 8631.11
52233.3 8666.67
52250.8 8654.72
52275.3 8647.78
52300.8 8643.06
52307.5 8657.5
52316.7 8700
52311.1 8704.44
52350 8683.33
52340.6 8654.44
52346.4 8630.28
52333.9 8628.06
52320.3 8618.61
52351.4 8577.5
52368.9 8566.67
52379.4 8561.39
52378.1 8542.78
52417.8 8531.11
52401.7 8527.22
52393.3 8502.22
52384.7 8463.06
52388.6 8448.06
52355 8484.72
52360.3 8493.06
52347.8 8476.94
52314.7 8467.78
52288.9 8452.5
52272.2 8446.11
52259.2 8428.61
52246.1 8427.22
52240.8 8442.22
52268.1 8411.67
52248.9 8404.17
52219.7 8385.56
52221.9 8413.61
52211.4 8415.28
52198.9 8407.78
52194.7 8450.28
52173.3 8462.5
52155.6 8451.67
52140 8455.28
52129.2 8451.67
52125.3 8410
52120.6 8415.83
52176.1 8402.78
52158.6 8411.11
52149.4 8400.56
52138.3 8396.67
52135.8 8361.94
52161.1 8318.89
52150 8300
52117.2 8345
52078.9 8340.56
52011.4 8344.17
52002.2 8315.28
51991.7 8341.94
51963.9 8342.22
51981.1 8326.11
51988.6 8299.17
51976.9 8301.67
51961.4 8294.44
51972.2 8279.44
51998.6 8245.83
52017.2 8251.11
52033.1 8279.72
52035.3 8262.78
52037.5 8256.94
52046.1 8264.72
52048.3 8265.83
52053.6 8257.78
52076.9 8281.94
52086.9 8278.89
52097.5 8273.33
52135.8 8275.83
52157.5 8276.11
52168.3 8289.17
52177.2 8260.56
52184.4 8262.22
52176.4 8244.17
52151.4 8243.06
52166.7 8219.72
52142.5 8223.33
52105.3 8244.72
52094.2 8240.56
52098.1 8201.94
52092.8 8173.61
52139.7 8203.61
52159.7 8192.78
52169.4 8183.06
52215.8 8188.61
52202.2 8171.67
52206.4 8139.17
52260 8150.83
52255.6 8165.56
52284.7 8215.28
52287.2 8239.17
52300.3 8255
52294.2 8225.83
52303.6 8162.5
52293.9 8166.39
52269.2 8100.28
52306.4 8102.22
52321.1 8099.17
52335 8081.94
52310.6 8076.39
52333.3 8008.33
52409.7 7969.72
52421.9 7938.61
52403.3 7937.78
52376.9 7921.67
52326.9 7978.89
52321.1 7991.94
52316.9 7966.67
52274.2 7938.61
52275.8 7992.22
52296.9 7995.83
52292.5 8021.67
52271.7 8029.72
52282.5 8051.11
52206.1 8081.11
52202.8 8108.06
52208.3 8116.11
52179.7 8103.06
52150 8083.33
52139.7 8084.72
52123.1 8086.11
52146.7 8053.61
52135.3 8042.78
52128.6 8007.22
52181.4 7981.11
52166.7 8000
52131.1 7982.78
52104.2 8002.78
52092.8 8008.06
52093.1 8048.33
52113.6 8090.83
52129.2 8129.44
52122.5 8133.06
52094.7 8124.17
52090.8 8110.56
52082.5 8152.22
52059.2 8098.61
52047.8 8119.44
52016.7 8116.67
52014.2 8110.56
52020.6 8065
52050.3 8022.78
52057.8 7990
51995.3 8036.39
51997.8 8021.94
51972.8 8028.33
51976.4 8025.83
51979.2 8003.61
51942.2 7997.78
51963.9 7985.28
51986.4 7979.72
51994.4 7969.17
52040.3 7967.22
52027.2 7943.89
52027.5 7923.06
52048.9 7935
52070.8 7927.22
52133.3 7916.67
52136.7 7930.83
52159.7 7927.78
52179.2 7905.28
52147.2 7855.28
52136.1 7824.72
52127.8 7846.94
52116.7 7866.67
52088.9 7853.06
52068.9 7827.5
52050 7800
52079.7 7799.17
52108.3 7809.44
52149.7 7793.06
52158.1 7772.22
52162.8 7776.11
52166.7 7783.33
52183.3 7750
52179.2 7737.78
52184.7 7728.06
52163.6 7750
52146.4 7749.72
52151.7 7775.83
52101.9 7783.61
52054.4 7875
52051.9 7885.28
52017.8 7852.5
52003.1 7819.44
51998.1 7820.56
51972.2 7813.06
51961.9 7807.5
51966.7 7800
51950 7850.56
51991.7 7853.06
51977.5 7879.17
51994.7 7897.5
51990.6 7927.5
51986.9 7895.83
51980.8 7900
51962.2 7878.33
51959.2 7896.94
51938.3 7928.06
51927.2 7918.06
51921.1 7913.33
51909.2 7932.78
51882.8 7915.28
51890 7932.5
51895.6 7946.67
51873.3 7948.33
51881.9 7981.11
51882.2 8020.56
51896.1 8018.33
51875.6 8000.28
51833.3 8016.11
51843.9 8036.67
51835.3 8036.11
51821.7 8052.22
51828.1 8080.83
51808.3 8108.33
51862.8 8124.44
51873.9 8117.5
51907.5 8099.17
51946.1 8111.67
51913.6 8128.06
51900.6 8119.17
51880.3 8090.28
51854.4 8070.83
51870.3 8049.17
51895.3 8045.83
51910.3 8053.89
51943.1 8040.28
51930.8 8059.44
51921.9 8086.94
51933.9 8096.11
51968.3 8097.22
51993.6 8107.22
51974.4 8136.39
51964.7 8150.83
52004.7 8149.72
52040.3 8167.78
52048.1 8175.28
52070 8218.06
52066.7 8233.33
52062.8 8208.33
52042.2 8198.89
52006.9 8191.39
52032.8 8198.61
52009.7 8201.67
51973.3 8219.17
51987.2 8227.78
51983.1 8187.22
51941.1 8178.89
51929.4 8185.56
51921.9 8182.5
51909.4 8173.61
51907.8 8147.22
51896.1 8165
51878.1 8185.83
51890.3 8213.06
51866.7 8200
51863.3 8165.56
51852.8 8152.22
51844.2 8168.33
51851.9 8167.22
51820.8 8184.44
51830.6 8143.33
51818.1 8134.72
51811.7 8146.67
51796.9 8168.89
51805.8 8182.5
51797.8 8187.5
51830.6 8229.72
51839.2 8212.22
51846.4 8204.72
51848.6 8195.56
51870.8 8206.94
51863.3 8233.33
51862.2 8254.44
51871.1 8275.83
51863.1 8297.78
51857.2 8299.17
51850 8316.67
51833.9 8316.94
51798.3 8300.83
51789.7 8294.17
51826.4 8318.33
51832.5 8357.5
51865 8362.78
51850.6 8341.39
51863.1 8319.44
51866.7 8333.33
51877.8 8348.61
51873.9 8344.44
51875.6 8344.44
51895 8360.56
51900.8 8352.5
51892.2 8340.83
51900 8333.33
51871.1 8305.28
51883.1 8303.06
51900.3 8283.06
51908.3 8263.33
51919.7 8260.56
51947.2 8325.83
51956.4 8340.56
51950.6 8376.11
51963.3 8381.67
51980.6 8375.83
51987.2 8362.22
51993.6 8394.72
52007.2 8405.28
52043.9 8424.72
52056.1 8415.83
52047.5 8408.33
52077.5 8366.94
52095.3 8433.06
52023.1 8490
51998.9 8452.22
51988.6 8479.72
51966.4 8470.83
51961.1 8459.44
51974.7 8463.06
51969.7 8439.17
51937.5 8449.17
51933.6 8481.67
51981.4 8513.89
51967.8 8531.11
51959.4 8525
51924.7 8516.39
51901.4 8521.39
51886.1 8513.89
51898.6 8495.83
51910.3 8471.39
51918.1 8470.56
51916.7 8466.67
51930.3 8464.17
51927.8 8453.33
51955.3 8417.5
51963.1 8409.17
51907.5 8379.72
51916.1 8386.67
51915.8 8399.72
51926.4 8389.17
51935 8386.39
51934.2 8378.61
51914.4 8363.33
51911.1 8361.11
51870 8383.06
51861.7 8388.33
51866.1 8413.61
51874.7 8390.56
51888.9 8404.17
51896.9 8410
51893.1 8435.28
51905.6 8422.5
51877.2 8445
51883.1 8447.78
51874.4 8435
51868.1 8438.61
51877.5 8491.67
51835.3 8493.33
51819.7 8496.39
51777.5 8497.78
51801.1 8493.61
51811.4 8463.06
51823.9 8462.78
51827.5 8463.89
51822.5 8419.17
51833.3 8411.94
51811.7 8398.61
51764.4 8374.17
51763.3 8328.33
51780.6 8294.44
51747.2 8340.28
51735 8355.56
51741.7 8364.44
51724.7 8406.94
51761.4 8416.39
51755.3 8437.5
51745.6 8439.72
51765.3 8453.33
51738.9 8490
51718.3 8451.67
51691.7 8443.06
51692.2 8499.72
51703.3 8502.22
51719.2 8501.94
51725.3 8521.11
51706.4 8521.67
51707.5 8530.56
51676.9 8549.17
51684.4 8572.78
51675 8576.39
51670.6 8570.83
51641.9 8575.28
51634.7 8563.89
51645.3 8595.56
51690.8 8601.67
51667.8 8600.28
51656.7 8637.22
51650.8 8645
51682.5 8648.89
51695.6 8664.72
51706.4 8677.78
51757.5 8666.94
51712.8 8634.44
51728.3 8618.89
51744.4 8610.28
51735.8 8552.22
51767.2 8561.39
51774.7 8526.94
51814.2 8536.94
51830.6 8585.28
51820.3 8608.06
51807.2 8633.61
51806.9 8652.78
51792.2 8673.33
51781.9 8665.28
51788.6 8640.83
51785 8610.28
51771.1 8615
51762.8 8603.33
51768.1 8659.17
51772.8 8681.39
51758.6 8709.44
51780.3 8721.94
51789.4 8703.89
51806.4 8694.44
51824.7 8656.11
51849.7 8645
51866.7 8650
51861.7 8647.22
51866.7 8666.67
51875.8 8666.67
51845 8701.11
51850 8716.67
51813.1 8710.28
51843.9 8741.11
51857.2 8738.89
51872.8 8719.72
51885.6 8709.72
51883.6 8677.22
51863.9 8643.06
51883.3 8633.33
51890.3 8622.78
51868.6 8615.56
51850 8582.78
51863.1 8580
51877.2 8535.28
51866.7 8566.67
51859.4 8559.17
51883.3 8583.33
51883.3 8600
51908.9 8601.94
51916.7 8600
51923.3 8605.56
51933.3 8650
51924.7 8648.89
51934.4 8630
51950.3 8614.17
51933.3 8600
51933.3 8566.67
51908.9 8578.06
51906.1 8545.56
51926.7 8557.22
51922.8 8554.44
51948.9 8550.28
51973.3 8555.28
51990.6 8540.56
52011.4 8563.89
51992.8 8570.83
51981.1 8570.83
51966.7 8583.33
51982.8 8613.06
51998.3 8628.61
52033.3 8666.67
52071.7 8640
52079.7 8626.39
52083.3 8633.33
52066.7 8600
52050.3 8597.5
52016.7 8600
52016.7 8583.33
52042.2 8565.56
52050 8566.67
52080 8541.11
52093.1 8550.83
52150 8566.67
52133.3 8550
52145.8 8513.89
52151.9 8503.89
52155.6 8512.5
52163.6 8529.72
52181.4 8556.67
52166.7 8583.33
52133.3 8600
52101.9 8601.94
52095.8 8588.89
52131.7 8628.33
52134.4 8639.44
52157.5 8650.83
52133.3 8633.33
52127.2 8637.78
52081.4 8678.06
52030 8692.5
52022.2 8699.72
51998.6 8694.44
51982.2 8694.44
51966.7 8733.33
51968.9 8707.22
51983.3 8700
51979.2 8687.5
51960 8690
51952.8 8657.22
51950 8683.33
51936.9 8698.61
51920.8 8723.33
51901.9 8753.89
51886.9 8764.17
51900 8783.33
51900.6 8793.06
51888.9 8807.78
51864.7 8806.11
51877.8 8798.06
51865.8 8787.22
51851.4 8794.17
51819.4 8788.06
51824.7 8807.78
51792.8 8788.33
51740.3 8815.83
51765.8 8818.89
51760 8796.11
51736.7 8785.56
51727.5 8780
51717.5 8742.5
51664.2 8742.22
51666.7 8750
51642.2 8773.06
51635 8776.11
51633.1 8775.28
51608.3 8779.44
51595.3 8775.28
51577.8 8749.44
51582.2 8718.89
51597.2 8726.94
51631.9 8713.06
51671.7 8714.72
51675.6 8693.33
51691.9 8721.94
51746.9 8742.5
51764.7 8754.17
51756.4 8741.94
51786.4 8743.61
51821.7 8779.72
51836.4 8748.33
51874.4 8737.78
51904.2 8741.11
51916.7 8750
51936.4 8770
51958.3 8781.94
51966.7 8783.33
51983.3 8766.67
51971.7 8757.5
51983.3 8750
52001.1 8731.94
52006.1 8749.44
51995.3 8789.44
51933.3 8800
51932.2 8811.39
51970 8834.72
51977.8 8835.83
51983.3 8833.33
52004.4 8830
51932.2 8857.22
51922.2 8897.22
51917.5 8940
51900 8950
51842.2 8935.28
51851.4 8984.44
51807.8 8990.56
51771.7 8961.11
51766.7 8966.67
51796.1 8950.56
51784.7 8924.17
51778.9 8904.17
51834.4 8877.22
51846.7 8891.11
51860 8880
51868.1 8873.33
51879.2 8858.06
51900 8850
51865.8 8851.39
51847.8 8841.94
51825.3 8859.72
51807.5 8836.11
51792.5 8837.78
51798.6 8851.67
51791.1 8865.28
51784.4 8874.44
51782.2 8873.61
51776.7 8893.06
51765.6 8885
51743.1 8914.17
51741.7 8938.06
51756.7 8987.78
51736.9 8956.94
51732.2 8953.89
51688.3 8953.06
51675.3 8941.39
51659.4 8929.44
51650 8900
51672.2 8905.28
51685 8901.39
51693.6 8890
51724.7 8862.5
51707.2 8854.17
51692.8 8860.56
51687.8 8845
51662.5 8861.11
51654.4 8873.89
51623.1 8870.56
51638.9 8839.72
51646.7 8834.72
51635.3 8826.67
51603.3 8829.72
51615 8858.89
51612.2 8855.83
51606.1 8853.61
51577.5 8881.67
51592.2 8908.61
51566.7 8914.44
51553.3 8912.22
51550 8916.67
51554.4 8957.78
51590.6 8947.78
51601.4 8958.89
51610.3 8978.06
51603.6 8973.89
51587.2 8979.44
51583.6 9002.22
51601.9 9018.61
51622.8 9038.33
51616.4 8978.61
51621.7 8975.28
51629.2 8975.83
51616.9 8940.28
51646.9 8963.89
51650 8966.67
51653.9 8945.28
51687.8 8983.33
51679.4 8990.56
51661.1 8995
51648.9 8991.39
51666.7 9016.67
51701.7 9025.56
51727.8 9024.72
51711.9 9040.56
51731.1 9073.61
51708.6 9081.39
51705.6 9068.06
51700 9066.67
51663.1 9074.44
51634.7 9055.56
51644.7 9065.56
51616.7 9083.33
51608.1 9103.33
51592.5 9130
51600.8 9137.78
51652.2 9155.56
51660 9154.17
51677.2 9164.72
51650.6 9179.72
51635.8 9178.06
51585 9186.67
51540.6 9208.06
51515.8 9193.89
51526.4 9183.33
51531.9 9146.67
51550 9133.33
51571.7 9138.89
51573.1 9118.89
51551.9 9132.22
51533.3 9116.67
51567.5 9079.17
51566.7 9033.33
51573.3 9062.5
51583.6 9069.72
51603.6 9092.22
51617.2 9097.78
51700.8 9129.44
51716.7 9116.67
51760.6 9096.94
51756.4 9054.72
51760.3 9039.44
51770 9039.17
51793.1 9023.89
51807.5 9054.44
51795.6 9078.89
51826.9 9074.44
51819.2 9089.44
51818.6 9105.28
51869.4 9141.11
51933.3 9133.33
51933.3 9166.67
51900 9166.67
51878.6 9168.06
51896.9 9205.56
51916.7 9216.67
51880.6 9246.11
51900 9250
51917.2 9248.61
51925.6 9251.67
51940.6 9254.17
51981.7 9251.94
51958.1 9195.56
51931.4 9190.28
51866.7 9181.11
51861.1 9189.44
51856.9 9166.11
51856.7 9175.28
51829.4 9197.78
51815 9233.33
51841.7 9278.33
51850 9233.33
51858.3 9240
51786.1 9216.94
51748.6 9205.83
51762.5 9190
51776.9 9170.83
51781.1 9155.56
51790.6 9138.89
51792.8 9132.5
51824.4 9121.94
51833.3 9116.67
51846.7 9108.06
51858.6 9098.06
51874.4 9091.94
51870.8 9083.06
51866.7 9050
51878.3 9059.44
51918.9 9085.83
51936.7 9087.5
51961.4 9080.28
51932.2 9069.17
51916.1 9058.89
51913.6 9053.89
51881.9 9024.44
51869.7 9023.89
51869.4 9026.94
51858.9 9023.61
51848.1 9035.56
51833.3 9033.33
51846.1 8996.94
51865.8 8982.78
51877.8 9000
51901.9 9002.5
51926.4 9009.17
51910.3 9022.78
51916.7 9033.33
51967.8 8982.5
51956.7 8961.11
51916.4 8984.44
51900 8966.67
51950 8950
51965 8936.67
51983.3 8933.33
51962.5 8910.28
51995.3 8890.56
52050 8883.33
52054.4 8853.61
52034.7 8836.39
52066.7 8833.33
52092.8 8818.89
52110.6 8782.5
52116.7 8783.33
52084.4 8790.56
52062.5 8810.28
52031.1 8768.89
52028.9 8746.11
52035.3 8732.22
52050 8716.67
52059.4 8714.44
52080.3 8717.5
52083.3 8700
52104.7 8691.39
52095 8690.56
52099.4 8723.61
52108.3 8731.39
52100 8750
52133.3 8733.33
52141.7 8772.78
52150 8800
52141.4 8812.22
52183.3 8813.06
52200 8800
52166.7 8783.33
52176.1 8772.78
52190.8 8769.72
52195.3 8719.72
52174.4 8725.28
52166.7 8733.33
52146.4 8720.83
52181.1 8698.33
52183.3 8683.33
52211.7 8692.22
52242.8 8703.33
52276.1 8717.5
52284.7 8715
52266.7 8733.33
52278.3 8736.11
52331.7 8733.06
52338.3 8738.61
52324.7 8765.28
52350 8766.67
52411.4 8734.72
52391.1 8755.83
52401.4 8785.83
52378.1 8813.89
52422.8 8814.44
52472.8 8863.89
52525 8853.06
52543.9 8850.56
52533.3 8875.56
52556.4 8906.94
52540.3 8907.22
52515.6 8896.67
52524.4 8938.06
52548.6 8936.94
52607.2 8873.06
52616.7 8883.33
52643.1 8868.89
52703.9 8864.17
52715.6 8830.28
52700 8816.67
52696.7 8815.56
52683.3 8816.67
52623.3 8812.22
52612.5 8806.11
52561.9 8795.56
52550.6 8813.06
52511.7 8806.67
52519.4 8717.78
52510.3 8712.78
52505.6 8703.33
52520.8 8671.94
52456.9 8648.61
52475.6 8701.67
52482.8 8711.94
52453.6 8743.06
52416.9 8714.17
52421.9 8664.17
52442.8 8631.67
52387.2 8585.28
52385 8585.83
52400 8577.22
52405.6 8580.83
52415 8580.56
52441.7 8583.61
52438.9 8567.5
52483.3 8566.67
52513.3 8575.56
52511.1 8609.72
52530 8603.33
52545.3 8602.5
52548.3 8571.94
52588.6 8601.39
52582.8 8617.5
52628.6 8635
52620.8 8615.56
52664.7 8623.06
52686.4 8668.61
52638.3 8654.44
52598.3 8671.67
52608.3 8696.94
52597.2 8708.89
52567.8 8720.28
52627.5 8751.11
52618.3 8764.72
52662.5 8755
52636.7 8740.83
52632.2 8728.89
52635.8 8696.67
52663.1 8689.44
52678.1 8689.72
52695 8759.72
52706.7 8772.78
52714.2 8780.83
52728.6 8767.5
52741.4 8774.17
52756.9 8776.11
52776.1 8782.78
52806.7 8745.83
52806.7 8697.5
52800 8650
52841.4 8686.39
52893.3 8657.5
52915.6 8633.61
52920.8 8624.44
52924.7 8645.28
52944.4 8657.78
52953.6 8645.83
52964.7 8645.28
52985.8 8643.89
52982.8 8681.11
53017.2 8688.33
53042.8 8649.44
53056.7 8640.28
53064.2 8612.22
53064.2 8583.61
53148.1 8641.11
53176.4 8651.39
53164.4 8673.33
53137.2 8696.39
53115 8741.39
53091.9 8713.06
53056.1 8728.06
53051.7 8722.78
53042.5 8720.56
53032.5 8727.78
52989.7 8789.72
52945.3 8813.89
52953.1 8826.11
52935.8 8836.11
52927.5 8836.94
52909.2 8790
52893.9 8821.94
52887.2 8844.44
52931.4 8853.89
52933.9 8886.11
52939.4 8893.33
52905.6 8909.72
52884.2 8910.28
52871.4 8908.61
52866.7 8900
52831.9 8916.11
52795 8921.67
52815.6 8966.67
52843.6 8986.39
52850 8998.33
52855.8 8993.89
52930.6 8989.72
52984.4 9002.5
52959.7 8956.11
52959.4 8913.06
52988.6 8916.39
52998.9 8885.28
53009.7 8857.5
53014.4 8851.39
53018.6 8864.72
53070 8898.06
53064.2 8883.06
53050 8855.56
53044.2 8852.22
53048.3 8830.56
53066.4 8816.67
53051.4 8813.61
53098.3 8811.94
53105.3 8803.89
53092.8 8801.94
53089.7 8778.61
53050.8 8788.06
53065.3 8774.44
53054.7 8750
53039.7 8758.06
53026.7 8763.06
53015.3 8772.78
52996.1 8733.06
53013.1 8716.39
52986.1 8701.67
52976.1 8688.61
52955.8 8685.56
52899.7 8696.67
52920.3 8723.33
52916.1 8738.33
52905.6 8710.56
52879.4 8717.22
52851.1 8727.22
52846.1 8755.56
52864.7 8760.56
52840.3 8828.89
52818.6 8866.94
52797.5 8888.89
52760 8895.56
52683.3 8950
52645.6 8955
52621.9 8967.5
52605.3 8960.83
52599.7 8975.56
52627.2 8988.89
52671.7 9106.39
52719.2 9065.83
52731.7 9076.94
52736.4 9060.83
52751.9 9064.17
52760 9086.11
52773.1 9077.22
52774.4 9016.67
52798.6 9013.89
52801.7 9057.5
52816.4 9050
52876.4 9010.28
52872.2 9029.17
52887.5 9052.5
52867.8 9080.56
52897.2 9144.44
52875 9181.67
52847.5 9193.61
52856.4 9199.72
52829.4 9193.06
52827.8 9167.78
52811.9 9143.06
52827.8 9118.06
52795.8 9188.61
52821.1 9230.83
52820.6 9263.89
52764.7 9237.5
52751.1 9193.06
52657.2 9154.44
52644.4 9183.06
52594.4 9194.72
52581.4 9162.22
52611.4 9110.28
52572.5 9102.5
52542.2 9076.67
52575.8 9079.44
52600 9050
52561.7 9032.22
52553.6 8991.39
52506.9 8980.56
52479.7 8991.11
52490.6 9003.33
52507.8 8999.44
52533.3 9028.61
52532.2 9084.72
52494.4 9063.06
52485.3 9089.44
52466.7 9099.17
52478.3 9102.22
52471.4 9067.22
52449.2 9061.11
52457.2 9068.06
52366.7 9066.67
52383.9 9074.44
52395.6 9110.56
52373.9 9078.06
52375.3 9042.22
52430.8 9032.5
52463.3 9030.28
52461.9 9021.11
52429.7 9011.67
52421.4 8981.11
52450 8966.67
52465.6 8965.28
52466.4 8925.56
52456.4 8929.44
52438.6 8935.56
52415 8917.5
52396.4 8926.94
52390.6 8943.06
52363.9 8996.11
52350 8966.67
52382.5 8971.67
52364.7 8943.33
52333.3 8916.67
52288.3 8931.94
52260 8925.83
52300 8950
52348.9 8900
52374.4 8906.67
52392.8 8898.06
52388.3 8879.17
52355 8833.06
52300 8800
52333.3 8850
52319.7 8851.39
52304.7 8857.78
52292.2 8855.56
52285.8 8873.89
52266.7 8883.33
52236.4 8887.22
52233.3 8900
52206.9 8902.78
52217.2 8876.39
52202.5 8855.56
52230 8855.28
52271.4 8847.78
52250 8800
52213.3 8803.33
52216.7 8816.67
52200 8833.33
52166.1 8846.94
52154.2 8846.39
52166.7 8900
52139.2 8899.17
52146.4 8880.83
52135.3 8875.56
52100 8866.67
52103.9 8905.83
52116.7 8900
52111.7 8888.89
52113.3 8915.83
52119.2 8930
52121.4 8956.94
52136.4 8956.94
52148.9 8966.39
52187.5 8966.11
52226.9 8945.56
52233.3 8983.33
52241.1 8986.94
52266.7 9033.33
52291.9 9039.17
52251.9 9025.28
52216.7 9000
52209.4 9026.11
52217.8 9021.39
52191.7 9027.78
52179.2 9035.83
52200 9066.67
52186.7 9072.22
52179.4 9080.56
52174.4 9082.78
52193.9 9100.83
52145.3 9098.89
52161.1 9115.56
52170.8 9117.22
52151.1 9163.61
52116.7 9116.67
52108.9 9154.44
52091.4 9161.67
52079.4 9175.56
52083.3 9183.33
52085.3 9193.33
52095.8 9180.56
52087.2 9161.39
52041.4 9134.17
52034.4 9110.56
51999.7 9061.39
51966.7 9033.33
52044.4 9060.56
52059.4 9072.78
52066.7 9066.67
52076.7 9071.94
52091.1 9028.06
52068.6 9026.67
52063.3 9001.11
52073.1 8996.94
52035.6 8961.39
52050 8950
52066.7 8950
52081.1 8971.67
52083.3 8966.67
52111.9 8983.89
52107.8 8981.94
52116.7 8983.33
52133.3 9016.67
52116.7 9033.33
52150 9050
52150 9066.67
52098.6 9098.33
52066.7 9116.67
52067.8 9126.11
52049.2 9165.83
52050 9200
52054.7 9244.17
52042.5 9255.28
52030 9291.67
51989.7 9295.28
51983.6 9300.56
51980.6 9311.39
52008.9 9326.11
52040 9331.94
52029.7 9354.72
52013.3 9357.22
52030.6 9405.28
52055.8 9386.39
52086.1 9376.11
52116.7 9383.33
52120.3 9393.89
52148.9 9422.5
52150.8 9430.56
52150 9400
52155.6 9382.5
52146.1 9375.56
52151.7 9357.78
52145.3 9315.56
52128.3 9316.67
52108.9 9328.89
52106.7 9351.39
52078.6 9346.94
52054.2 9323.61
52066.7 9333.33
52058.6 9305.56
52066.7 9283.33
52089.7 9296.11
52104.7 9293.61
52097.2 9285
52116.7 9266.67
52108.1 9259.44
52089.7 9246.11
52101.1 9220.56
52093.6 9206.94
52083.3 9216.67
52116.7 9216.67
52123.9 9225.83
52133.3 9216.67
52155 9232.5
52150 9250
52133.3 9250
52183.3 9279.44
52183.3 9233.33
52173.3 9223.89
52200 9183.33
52166.7 9166.67
52196.9 9168.06
52199.4 9205.28
52198.6 9242.5
52173.9 9262.78
52166.7 9283.33
52203.3 9300.83
52200.6 9322.78
52203.6 9330.56
52169.7 9344.72
52187.8 9358.06
52170.8 9373.06
52173.3 9404.44
52165.3 9415.28
52183.3 9400
52216.7 9383.33
52196.7 9423.61
52208.3 9428.89
52191.7 9435.83
52181.9 9498.89
52159.2 9501.11
52148.9 9506.39
52138.1 9535.83
52125 9523.06
52116.7 9483.33
52100 9466.67
52079.4 9434.72
52072.2 9450
52050 9450
52029.4 9444.44
52015.6 9451.11
52040 9474.44
52033.3 9483.33
52050 9516.67
52073.3 9501.11
52103.6 9513.61
52066.7 9537.22
52063.1 9598.89
52061.9 9613.33
52066.7 9633.33
52075 9629.44
52100 9633.33
52088.6 9635.83
52089.7 9565.28
52116.7 9566.67
52133.3 9583.33
52150 9583.33
52204.4 9555.28
52200 9550
52182.8 9535.28
52166.7 9550
52197.2 9571.67
52200 9583.33
52183.3 9583.33
52151.9 9553.61
52158.3 9578.89
52165 9605.83
52166.7 9600
52151.7 9600
52116.7 9633.33
52142.5 9631.39
52164.2 9628.33
52210.3 9639.72
52230.6 9650
52241.7 9656.94
52260.3 9658.61
52272.5 9661.94
52289.7 9655.83
52264.7 9674.72
52281.7 9680.83
52200.3 9671.39
52233.3 9700
52260 9708.06
52266.7 9716.67
52250 9733.33
52266.7 9730.56
52277.5 9737.22
52275.8 9773.33
52290.6 9780.83
52283.3 9783.33
52296.9 9758.61
52350 9750
52353.6 9756.11
52368.1 9770.83
52364.7 9820.56
52369.4 9816.11
52383.3 9833.61
52361.7 9828.89
52350 9816.67
52333.3 9783.33
52318.3 9785.28
52302.8 9801.67
52308.3 9844.17
52283.3 9833.33
52280.8 9841.39
52287.2 9857.78
52280.8 9867.5
52240.3 9842.5
52238.9 9802.5
52242.8 9752.5
52247.2 9733.33
52183.3 9750
52163.9 9738.89
52166.7 9700
52146.1 9701.39
52150 9716.67
52137.2 9748.89
52171.4 9778.61
52133.9 9770
52110.6 9773.61
52082.2 9768.89
52086.1 9767.5
52100 9783.33
52117.8 9800
52116.1 9828.06
52112.8 9854.44
52169.4 9829.17
52121.7 9772.5
52113.3 9743.33
52112.2 9726.11
52125.3 9710.56
52136.7 9675.83
52158.3 9660.28
52147.8 9662.78
52116.7 9666.67
52123.1 9669.44
52099.7 9680.28
52094.4 9694.44
52084.2 9696.11
52078.9 9697.78
52066.7 9683.33
52063.6 9699.44
52086.4 9748.33
52075 9765.83
52058.9 9746.94
52066.7 9716.67
52045 9718.61
52031.7 9711.94
51962.8 9720
51941.4 9699.17
51951.9 9654.17
51950 9683.61
51916.7 9716.67
51939.2 9763.61
51917.2 9766.39
51893.3 9750.56
51888.1 9771.67
51850 9750
51838.6 9740.83
51763.1 9781.11
51754.4 9776.39
51750 9766.67
51776.1 9770.56
51790 9812.22
51814.4 9757.78
51826.7 9742.5
51866.7 9683.33
51871.4 9678.89
51866.7 9666.67
51881.7 9665.28
51879.7 9643.06
51933.3 9633.33
51908.9 9608.06
51900 9616.67
51861.4 9630.56
51855.8 9619.17
51828.3 9570
51819.7 9564.17
51783.3 9566.67
51781.4 9555.83
51741.4 9559.17
51750 9550
51759.2 9553.06
51761.4 9525
51823.6 9537.5
51832.5 9497.22
51856.1 9505.28
51853.9 9520.28
51868.1 9531.67
51874.4 9559.17
51886.4 9561.67
51883.3 9583.33
51916.7 9566.67
51900 9533.33
51910 9520.56
51883.6 9530.56
51890.8 9486.11
51900 9450
51893.1 9441.11
51877.5 9438.89
51872.5 9402.22
51882.8 9421.67
51896.9 9443.89
51885 9453.89
51913.1 9482.22
51935.6 9457.5
51933.3 9450
51926.9 9437.5
51953.9 9390.83
51921.1 9386.11
51910.6 9339.17
51881.4 9318.33
51873.6 9280.83
51859.2 9291.94
51855.6 9283.89
51815.3 9298.33
51797.5 9273.89
51765.3 9291.39
51776.4 9310.28
51783.6 9322.22
51808.1 9330.83
51797.5 9376.39
51757.2 9399.17
51744.2 9415.56
51772.5 9451.11
51753.9 9458.89
51675 9478.06
51677.5 9492.22
51646.7 9454.44
51683.3 9450
51706.9 9430.28
51668.6 9381.11
51657.8 9382.22
51683.6 9374.72
51706.1 9365
51743.3 9348.33
51765.3 9355.28
51743.6 9305.83
51733.1 9291.39
51704.7 9266.11
51674.4 9280.83
51682.5 9297.5
51695.8 9345.28
51658.9 9343.33
51639.4 9313.06
51631.4 9328.61
51623.1 9356.39
51605.8 9378.06
51586.4 9354.72
51605.8 9301.67
51611.1 9328.06
51640.3 9295.83
51650 9266.67
51656.7 9272.5
51681.9 9232.78
51646.4 9221.94
51634.2 9224.17
51632.8 9230.56
51613.1 9266.11
51605 9271.39
51587.5 9265.56
51555.3 9273.33
51550 9266.67
51513.6 9233.06
51500.8 9229.72
51519.7 9271.94
51513.3 9305.56
51495.6 9315
51483.3 9350
51487.8 9348.06
51505.8 9350.83
51530.3 9331.94
51543.9 9347.5
51571.9 9358.06
51522.2 9394.17
51563.9 9413.61
51557.8 9412.5
51564.4 9390
51483.3 9366.67
51470 9416.39
51462.2 9433.61
51445 9479.44
51536.7 9460.56
51583.3 9433.33
51606.4 9469.17
51572.8 9480.83
51550 9466.67
51535.3 9483.61
51522.8 9502.5
51533.3 9533.33
51569.7 9510.83
51580.6 9499.72
51583.9 9541.39
51583.3 9566.67
51612.8 9539.44
51610.3 9515
51616.7 9533.33
51654.7 9567.5
51716.7 9566.67
51709.4 9611.39
51701.9 9652.22
51694.2 9661.94
51691.7 9670.56
51682.5 9651.94
51689.7 9638.89
51647.8 9587.78
51591.4 9583.33
51550 9588.61
51511.4 9585
51499.2 9613.06
51524.4 9602.22
51538.6 9637.22
51520.8 9656.11
51537.8 9678.33
51500.8 9708.61
51493.9 9709.17
51486.4 9724.72
51466.7 9716.67
51481.9 9762.22
51472.8 9768.89
51483.6 9783.06
51455.3 9815.83
51468.6 9810
51550 9833.33
51561.9 9781.39
51571.4 9743.89
51584.7 9703.89
51577.5 9698.61
51605.6 9635.83
51627.5 9643.61
51631.4 9650.28
51620.6 9680.83
51614.2 9694.72
51683.3 9700
51700.8 9725
51713.3 9720
51727.2 9780.56
51686.1 9847.5
51650 9916.67
51639.4 9963.61
51646.7 9981.11
51643.3 9951.94
51645.6 9858.33
51639.4 9817.5
51667.8 9821.67
51745.8 9863.61
51756.9 9855
51766.7 9850
51764.7 9894.17
51746.1 9900.83
51740.6 9895.56
51724.4 9892.5
51693.6 9940
51683.3 9950
51685 9971.94
51677.8 10000.6
51676.1 10032.8
51633.3 10033.3
51635.6 10055
51660 10068.6
51606.1 10175
51600 10133.3
51608.6 10061.9
51607.2 10043.6
51598.9 10035.8
51619.4 10016.4
51675.6 9990
51707.8 9954.17
51689.2 9932.78
51720.3 9916.94
51740.3 9947.5
51716.7 9950
51725.3 9968.89
51736.7 9973.89
51802.5 9991.11
51801.9 9983.61
51806.9 9990.56
51838.9 9980.56
51833.3 9900
51829.7 9895.56
51855.8 9847.78
51837.2 9836.39
51853.1 9827.5
51866.7 9816.67
51884.4 9834.44
51900 9779.72
51936.7 9789.44
51971.4 9777.5
52030.8 9842.78
52071.4 9846.39
52048.6 9857.5
52017.2 9880
51981.7 9857.22
51966.7 9850
51975.8 9861.11
51988.3 9871.39
51975.3 9895.56
51940.3 9900.56
51876.7 9886.94
51928.3 9951.39
51929.4 9995.28
51965.6 9909.72
51987.2 9937.22
52001.9 9936.39
52012.2 9960.83
52027.2 9974.72
52014.7 10001.4
52033.3 9983.33
52054.2 9977.5
52038.3 9953.89
52056.9 9950.56
52058.1 9937.78
52062.2 9922.5
52070 9901.11
52076.1 9915.83
52081.7 9920.28
52108.3 9894.17
52116.1 9902.78
52161.7 9877.22
52230.8 9873.33
52225.3 9922.22
52216.7 9950
52155.6 9934.44
52149.7 9968.06
52182.5 9991.39
52205.8 9979.17
52160.6 10030.3
52151.7 10056.7
52035.8 10022.8
52018.9 10105
52010.3 10103.3
52014.2 10101.4
52019.2 10145.6
51973.1 10144.7
51975.6 10150.3
51950 10116.7
51942.2 10094.4
51972.2 10070.3
51939.4 10035.6
51933.6 10018.3
51913.6 10034.2
51908.3 10064.4
51842.8 10028.6
51824.2 10044.4
51788.6 10051.9
51785.6 10062.8
51766.7 10100
51779.2 10076.9
51848.1 10073.1
51862.5 10069.2
51885.8 10096.1
51905.8 10132.5
51897.8 10128.6
51853.3 10110
51850.8 10124.7
51800 10166.7
51815.8 10158.3
51833.3 10166.7
51858.3 10168.1
51851.4 10166.7
51881.1 10196.4
51868.6 10262.8
51847.8 10242.2
51833.3 10250
51845.6 10296.7
51880.8 10312.8
51857.8 10297.2
51816.7 10283.3
51800 10283.3
51783.3 10333.3
51854.7 10362.2
51893.3 10396.4
51886.1 10361.7
51867.5 10373.6
51875.6 10347.2
51908.9 10328.3
51916.7 10316.7
51926.9 10287.2
51904.4 10278.1
51899.4 10248.6
51898.1 10242.8
51891.7 10217.8
51934.7 10241.1
51929.7 10260
51956.1 10287.5
51965 10266.4
51958.6 10237.8
51948.6 10222.2
51956.9 10210.8
51991.4 10208.9
52132.2 10198.3
52126.1 10177.2
52142.5 10160.3
52150.6 10177.2
52160.3 10193.3
52133.3 10200
52126.1 10226.4
52133.3 10230.3
52140.8 10268.9
52141.9 10289.7
52154.2 10282.2
52166.9 10289.7
52179.4 10286.9
52184.7 10315.8
52202.2 10307.5
52185.3 10338.1
52162.5 10319.7
52170 10341.7
52157.2 10353.1
52145.3 10337.8
52126.9 10313.6
52132.5 10366.9
52141.7 10385.6
52117.5 10403.3
52109.4 10398.3
52103.1 10433.1
52129.4 10407.5
52166.7 10416.7
52131.4 10457.2
52138.3 10461.9
52150 10461.7
52155.3 10457.2
52157.5 10442.5
52168.6 10445.3
52178.6 10448.6
52190.6 10429.7
52194.4 10423.3
52175 10409.2
52162.5 10393.6
52190.6 10380
52186.9 10363.9
52194.2 10359.2
52220.8 10365.3
52216.1 10355.6
52203.1 10365.8
52200.8 10334.4
52219.2 10341.1
52231.7 10332.8
52233.3 10316.7
52210.8 10321.1
52213.1 10308.6
52225.3 10301.1
52239.7 10299.4
52235.3 10300.6
52239.7 10208.1
52235.8 10185.6
52229.2 10179.7
52247.5 10178.1
52260.3 10181.7
52271.7 10172.5
52276.9 10168.6
52266.9 10164.2
52260 10162.2
52250.6 10164.2
52224.2 10139.7
52152.8 10125
52141.1 10118.1
52122.8 10140.3
52133.9 10143.6
52125 10115
52169.7 10078.3
52239.7 10110.8
52247.2 10066.4
52249.4 10042.8
52258.1 10022.5
52270.6 10029.4
52304.4 10045.8
52311.7 10016.9
52409.4 9934.44
52416.9 9916.94
52400 9900.28
52420.8 9852.78
52395 9833.61
52418.6 9812.22
52433.3 9791.94
52585.8 9866.67
52575 9891.11
52550 9867.22
52566.9 9850
52583.6 9850
52567.5 9814.72
52445.8 9766.67
52439.7 9760.83
52413.3 9731.94
52403.3 9733.33
52407.2 9715.56
52428.1 9699.72
52416.7 9687.5
52412.5 9683.61
52388.9 9685
52366.1 9687.22
52383.3 9733.33
52363.6 9733.61
52358.3 9710.56
52350 9683.33
52326.7 9688.33
52300 9700
52331.1 9664.44
52364.4 9648.33
52350 9633.33
52333.6 9631.67
52290.3 9619.44
52279.4 9609.17
52266.7 9582.5
52258.9 9577.22
52250 9583.33
52242.8 9610.83
52257.5 9620.83
52229.4 9599.44
52241.9 9543.06
52256.7 9539.72
52203.3 9506.39
52218.1 9491.39
52242.2 9514.44
52279.2 9505
52271.4 9461.67
52241.4 9464.72
52233.3 9466.67
52218.9 9416.67
52222.5 9410
52240.3 9400.28
52241.1 9386.11
52243.1 9349.72
52266.7 9366.67
52288.6 9359.44
52344.7 9365
52373.9 9370
52354.7 9344.17
52333.3 9383.33
52318.3 9382.5
52319.4 9359.44
52306.4 9353.06
52310.8 9348.06
52300 9300
52304.2 9290
52324.4 9269.44
52316.7 9266.67
52274.4 9290.56
52279.2 9281.11
52310 9226.67
52316.7 9233.33
52337.2 9224.17
52380.6 9223.06
52357.5 9209.72
52366.7 9200
52368.3 9144.17
52283.3 9150
52234.2 9100.83
52243.3 9101.94
52233.3 9116.67
52250.3 9148.89
52259.4 9159.44
52283.3 9216.67
52334.2 9210
52341.1 9264.44
52364.2 9278.61
52344.7 9307.5
52350 9333.33
52358.9 9332.22
52381.4 9302.5
52401.4 9319.72
52410.3 9340
52400 9366.67
52412.8 9389.44
52431.1 9375.83
52454.7 9333.61
52500.6 9371.39
52530.8 9434.44
52558.6 9464.44
52545.8 9474.17
52525 9490
52491.7 9487.78
52503.6 9445.83
52503.9 9453.61
52481.4 9414.17
52448.3 9446.67
52446.4 9485
52428.1 9442.22
52387.8 9479.17
52397.2 9489.72
52411.7 9510.83
52429.2 9502.78
52467.5 9535.28
52470.8 9541.11
52476.9 9505
52470.6 9495.83
52490.3 9528.06
52488.3 9575.56
52495.8 9575.83
52550.8 9560.56
52569.4 9616.11
52622.5 9644.44
52659.7 9654.44
52648.6 9700.83
52634.2 9729.44
52627.8 9764.44
52614.7 9776.11
52598.1 9771.67
52632.2 9751.67
52622.5 9731.11
52603.3 9708.06
52543.3 9654.44
52523.6 9669.44
52509.7 9671.67
52504.4 9658.61
52482.5 9680.56
52451.4 9662.5
52490.3 9646.11
52461.9 9600.28
52451.9 9570.83
52429.2 9541.11
52417.5 9565.56
52369.2 9563.61
52321.4 9552.22
52315 9579.44
52335.8 9605
52356.7 9605.56
52366.9 9597.5
52405.6 9616.94
52407.5 9605.83
52382.8 9589.44
52391.9 9558.61
52394.2 9516.39
52350 9500
52332.8 9502.5
52314.7 9507.22
52300 9450
52304.4 9404.44
52350 9416.67
52373.1 9444.44
52380.3 9424.44
52449.7 9392.5
52461.1 9370.56
52477.2 9371.11
52538.1 9378.89
52572.8 9375.28
52610.8 9393.89
52628.1 9333.33
52647.8 9315.83
52607.5 9314.72
52552.8 9281.39
52536.1 9300.28
52493.3 9287.5
52467.5 9288.33
52459.7 9289.44
52417.5 9273.61
52427.5 9246.67
52464.4 9254.17
52495 9226.94
52516.7 9200
52515.8 9168.89
52504.2 9152.22
52495 9151.39
52544.2 9203.06
52559.2 9192.78
52534.2 9252.78
52570.3 9282.78
52623.3 9246.94
52653.9 9235
52650 9220.56
52689.7 9231.67
52710.3 9260.56
52766.9 9265
52733.3 9300
52721.4 9318.61
52702.2 9301.67
52673.6 9309.44
52652.5 9293.61
52668.3 9327.22
52683.9 9355.83
52699.2 9387.22
52666.7 9400
52681.4 9481.67
52639.7 9483.33
52633.3 9500
52671.4 9538.33
52666.9 9588.33
52634.7 9595.28
52679.2 9644.17
52675 9608.61
52704.4 9603.33
52716.9 9586.67
52733.3 9583.33
52738.3 9569.44
52731.9 9522.78
52733.3 9516.67
52735.6 9492.78
52736.4 9493.61
52718.1 9451.94
52700.8 9420.83
52745.6 9428.06
52806.7 9465.56
52801.1 9454.17
52816.9 9450.83
52849.7 9438.06
52858.9 9427.78
52820.8 9416.67
52800.8 9411.94
52783.6 9397.5
52698.9 9344.72
52763.6 9332.5
52796.7 9365.83
52806.1 9381.39
52845.8 9375.56
52861.7 9353.61
52887.5 9308.89
52880.8 9289.17
52866.7 9315.28
52852.8 9337.22
52855.3 9398.33
52890.6 9389.17
52941.7 9385.83
52953.1 9422.22
52946.9 9448.89
52946.7 9458.33
52942.8 9451.67
52968.3 9407.22
52979.2 9413.06
53022.5 9393.33
53017.2 9386.11
53022.8 9368.33
53029.2 9364.72
53013.1 9355.56
52985.8 9351.67
52953.1 9349.17
52936.7 9345.28
52903.1 9343.06
52915.3 9322.78
52928.9 9261.11
52918.9 9250.83
52944.7 9292.22
52984.7 9294.17
52961.1 9235.83
52946.7 9229.44
52937.8 9203.61
52928.1 9201.67
52911.1 9213.89
52882.8 9247.22
52894.2 9203.61
52915 9189.72
52923.1 9180.56
52975 9208.33
52981.4 9213.06
52993.9 9213.61
53047.2 9241.94
53033.3 9247.5
53032.8 9288.33
53028.1 9304.44
53050 9316.67
53065.8 9328.33
53088.6 9312.22
53088.6 9325.56
53086.1 9285.28
53074.7 9248.89
53095.6 9270.56
53118.1 9290.28
53131.4 9274.44
53124.7 9248.61
53139.2 9218.89
53134.7 9205.83
53116.9 9235.56
53083.3 9200
53049.4 9193.33
53063.1 9191.67
53121.7 9181.94
53111.4 9206.39
53118.1 9150.28
53116.7 9133.33
53125.8 9119.44
53134.2 9108.06
53151.4 9100.56
53165 9079.44
53154.7 9079.72
53146.7 9075.56
53136.7 9064.44
53121.7 9068.33
53103.1 9088.06
53100 9066.67
53092.2 9065.28
53041.1 9147.5
53018.9 9170.56
53000.3 9126.11
52961.9 9153.89
52937.8 9128.06
52916.7 9116.67
52916.7 9100
52947.8 9063.06
52962.5 9064.44
52971.9 9081.39
52988.9 9082.22
53006.4 9028.06
53036.4 9044.44
53028.1 9068.61
53038.1 9078.06
52988.9 9046.11
53016.7 9016.67
53029.2 8965
53010.3 8944.44
52994.4 8943.89
53045.3 8907.78
53032.5 8928.33
53071.1 8941.11
53105 8948.06
53139.4 8933.61
53127.8 8946.67
53120.6 8960.56
53117.2 8959.44
53101.1 8968.06
53138.1 8977.22
53119.7 8995.56
53125.8 9045.56
53118.9 9036.11
53166.1 9020.83
53166.7 9002.5
53170 8969.72
53181.7 8937.78
53164.4 8931.39
53172.2 8923.89
53212.2 8974.44
53222.5 8967.22
53227.2 8981.39
53271.9 9048.89
53266.7 9066.67
53261.4 9069.44
53300.6 9094.17
53296.4 9110
53302.5 9069.17
53288.9 9054.72
53298.9 9050.83
53283.9 9046.67
53286.1 9007.5
53293.3 8974.17
53278.6 8973.89
53250 8936.67
53238.9 8941.67
53230.3 8945.83
53221.4 8940.83
53222.5 8928.33
53268.3 8920
53283.3 8900
53260 8882.5
53248.9 8896.39
53240.3 8888.61
53228.6 8877.5
53218.9 8886.67
53196.9 8926.94
53186.4 8906.39
53200.3 8873.89
53202.8 8871.11
53206.4 8865.83
53217.2 8836.11
53240 8859.72
53248.6 8842.22
53235.8 8815.56
53254.2 8812.22
53223.1 8800
53210.8 8815.83
53203.6 8830.28
53185.3 8825.83
53186.1 8843.33
53188.1 8846.94
53136.7 8885.83
53148.1 8881.67
53152.2 8896.11
53155.3 8910
53146.1 8915.28
53130.6 8905.28
53107.5 8903.06
53096.7 8912.5
53098.9 8887.5
53120.8 8859.44
53151.4 8845.28
53135.3 8841.94
53139.2 8806.11
53157.5 8805.83
53125 8806.39
53121.1 8766.94
53157.8 8761.94
53160.6 8745
53169.4 8735.83
53183.6 8719.72
53208.3 8715.83
53232.8 8700
53241.9 8721.94
53227.8 8729.72
53226.1 8733.06
53216.7 8765.83
53225.8 8771.11
53232.5 8775.28
53241.7 8799.44
53272.5 8792.5
53296.4 8743.06
53331.1 8717.78
53314.4 8680.28
53315.6 8716.11
53298.6 8721.39
53277.8 8684.72
53223.9 8627.22
53252.5 8628.33
53264.2 8625.83
53271.7 8634.17
53284.2 8640.28
53287.5 8607.5
53302.2 8617.22
53318.6 8606.39
53346.4 8550
53356.7 8538.06
53361.4 8480.83
53379.4 8485
53393.3 8475.83
53416.7 8483.33
53433.3 8483.33
53419.2 8504.44
53450 8516.67
53450 8566.67
53410 8582.78
53416.7 8579.72
53413.9 8634.17
53466.7 8666.67
53483.3 8566.67
53466.7 8500
53500 8433.33
53533.3 8466.67
53616.7 8466.67
53600 8483.33
53600 8550
53616.7 8550
53533.3 8566.67
53533.3 8583.33
53566.7 8633.33
53583.3 8600
53600 8600
53616.7 8616.67
53650 8650
53683.3 8583.33
53683.3 8600
53683.3 8633.33
53716.7 8666.67
53733.3 8633.33
53750 8666.67
53783.3 8666.67
53683.3 8733.33
53650 8750
53616.7 8733.33
53633.3 8750
53633.3 8833.33
53666.7 8833.33
53650 8816.67
53716.7 8766.67
53766.7 8766.67
53816.7 8816.67
53750 8850
53716.7 8883.33
53783.3 8916.67
53866.7 8850
53916.7 8866.67
53900 8916.67
53933.3 8916.67
53951.4 8919.72
53959.2 8895.28
53953.3 8886.67
53955.8 8878.89
53988.3 8906.67
53985.6 8884.44
54015.3 8869.72
54025.3 8858.61
54033.3 8850
54039.7 8842.5
54006.7 8825.56
53968.9 8795.28
53964.2 8794.17
53980.3 8816.39
53988.3 8835
53974.2 8864.17
53961.1 8831.11
53945.3 8821.39
53945 8788.33
53883.3 8800
53900 8766.67
53916.7 8750
53883.3 8683.33
53946.1 8723.06
53975.3 8717.22
53963.6 8711.11
53950.3 8692.5
53961.9 8658.61
53978.6 8687.5
53988.3 8700.28
53987.2 8689.44
54000.3 8678.06
54030.6 8699.72
54010.6 8660.28
54024.7 8650.56
54054.7 8616.39
54048.6 8602.22
54043.1 8584.44
54012.2 8607.78
53985.6 8613.89
53978.1 8617.5
53966.7 8616.67
53955.3 8594.44
53850 8633.33
53800 8600
53816.7 8550
53766.7 8500
53750 8516.67
53700 8466.67
53650 8416.67
53683.3 8383.33
53716.7 8416.67
53783.3 8483.33
53850 8533.33
53900 8583.33
53948.1 8546.94
53975.8 8560.28
54039.2 8550.83
54066.7 8550
54053.3 8525.56
54018.3 8524.17
54025.3 8499.17
54060.8 8503.61
54067.2 8494.17
54083.3 8516.67
54121.4 8500.83
54107.5 8489.72
54124.7 8466.11
54166.9 8485.56
54183.3 8500
54201.9 8545
54202.2 8585.56
54219.4 8617.5
54248.6 8659.44
54264.7 8657.5
54332.2 8646.67
54363.1 8651.67
54369.7 8631.94
54383.3 8616.67
54367.2 8568.06
54376.7 8576.94
54366.4 8585.28
54349.7 8605.83
54333.3 8600
54309.2 8566.11
54271.9 8593.33
54266.4 8598.33
54252.8 8584.17
54245 8538.61
54253.3 8497.5
54268.9 8494.44
54266.7 8483.33
54239.4 8448.89
54239.2 8423.61
54269.7 8398.06
54271.7 8367.5
54293.9 8371.11
54286.1 8391.39
54308.3 8389.17
54315.8 8424.17
54328.9 8422.5
54290 8428.06
54294.2 8440.83
54313.9 8451.67
54318.3 8476.67
54303.9 8512.78
54318.1 8541.67
54340.6 8527.22
54363.3 8523.06
54375.6 8531.67
54400 8516.67
54406.1 8509.44
54418.1 8500
54387.2 8503.06
54333.3 8500
54339.4 8501.11
54349.4 8480.83
54379.2 8481.11
54390.6 8470
54413.9 8466.11
54398.1 8451.67
54400 8450
54433.9 8454.17
54424.7 8452.78
54434.4 8399.72
54466.4 8448.61
54441.7 8434.44
54458.1 8406.39
54403.3 8404.17
54416.7 8390.28
54440 8381.11
54463.9 8375.56
54465.3 8368.61
54450 8283.33
54459.4 8282.22
54466.7 8283.33
54468.3 8331.11
54457.5 8329.44
54438.3 8313.89
54426.9 8314.44
54411.1 8319.44
54377.2 8327.78
54384.7 8323.33
54401.7 8303.61
54386.1 8299.44
54349.2 8251.39
54357.2 8244.72
54428.6 8210
54433.3 8183.33
54474.4 8192.22
54500 8183.33
54521.1 8178.06
54526.1 8196.67
54536.9 8201.94
54514.7 8222.5
54486.1 8214.72
54473.3 8234.17
54483.1 8264.17
54523.1 8255.83
54525.3 8234.17
54544.4 8209.72
54568.9 8210.56
54553.3 8198.61
54569.7 8173.89
54571.4 8155
54556.1 8139.17
54537.8 8138.89
54530.6 8141.11
54533.3 8116.67
54570.8 8113.06
54576.9 8119.72
54575.8 8135
54585.3 8139.44
54589.2 8162.78
54595.8 8135.56
54605 8135
54594.2 8111.94
54610.3 8108.33
54616.7 8100
54626.1 8118.89
54642.8 8090.28
54640.3 8055
54634.7 8059.17
54643.9 8063.61
54621.9 8068.06
54631.9 8078.89
54613.6 8085.28
54592.8 8054.17
54645.8 8030.56
54656.7 8019.17
54671.1 8035.83
54659.4 8049.17
54677.5 8091.11
54678.1 8104.72
54664.7 8130.56
54703.3 8117.78
54720.3 8124.17
54685.3 8070.83
54729.4 8046.11
54724.7 8040.83
54707.5 8026.67
54691.1 8019.44
54647.5 7997.78
54691.9 7994.72
54732.2 7937.78
54800 7966.67
54815.8 7956.94
54808.3 7967.22
54819.2 7975.28
54794.4 7996.39
54854.2 8030.83
54869.2 8055.56
54836.4 8071.39
54870.6 8113.33
54809.7 8150.83
54811.9 8168.89
54817.8 8185.28
54890.6 8146.67
54906.4 8209.44
54836.7 8221.94
54792.8 8237.78
54818.3 8254.17
54792.8 8171.67
54720 8212.5
54726.1 8241.94
54711.7 8242.22
54688.1 8239.44
54681.4 8240
54666.7 8233.33
54688.1 8213.06
54682.2 8171.67
54690.6 8181.67
54697.2 8155.28
54669.4 8145.56
54653.9 8138.06
54641.7 8144.17
54650 8116.67
54614.7 8124.72
54656.4 8183.06
54646.4 8195.56
54663.1 8257.78
54651.9 8283.33
54675.6 8293.61
54656.7 8305.28
54647.8 8304.17
54640 8306.94
54609.2 8292.78
54615.8 8277.78
54634.7 8270.83
54644.4 8255.56
54653.1 8258.61
54688.6 8278.61
54719.7 8301.67
54683.3 8333.33
54686.9 8331.94
54693.9 8346.11
54671.7 8343.33
54656.4 8352.22
54630.8 8370.56
54641.4 8356.39
54649.7 8376.67
54640.8 8388.89
54636.4 8383.33
54672.5 8386.67
54681.9 8384.72
54699.4 8404.17
54700 8383.33
54692.8 8400.28
54672.5 8420.56
54633.6 8408.61
54604.2 8379.17
54594.2 8399.44
54585.6 8437.22
54624.4 8430.28
54611.4 8467.5
54624.2 8462.78
54633.3 8450
54629.4 8512.78
54624.2 8531.39
54623.3 8551.67
54613.1 8581.11
54624.4 8600.83
54633.3 8633.33
54640.3 8628.89
54634.2 8623.61
54628.3 8611.11
54633.9 8593.33
54641.4 8596.39
54645.3 8593.61
54652.8 8594.72
54665 8613.89
54661.9 8563.33
54669.7 8567.78
54701.9 8609.17
54690.3 8640.28
54680.3 8626.94
54657.5 8631.67
54650.3 8645.83
54634.7 8641.67
54673.6 8689.17
54700 8716.67
54668.6 8784.72
54672.5 8779.72
54695 8773.61
54706.4 8752.5
54708.1 8737.78
54720 8717.78
54747.8 8698.33
54717.8 8701.11
54711.1 8695.56
54719.4 8663.89
54724.7 8651.39
54743.9 8637.78
54745.6 8622.5
54733.6 8610.56
54724.2 8564.17
54729.4 8547.78
54705.8 8536.11
54762.5 8525.28
54760.3 8499.72
54700 8500
54690.3 8445
54705.3 8450
54740.8 8446.94
54760.6 8455.56
54768.1 8450
54770.8 8469.17
54766.7 8483.33
54775 8492.78
54780.8 8515.56
54817.2 8515.28
54839.4 8473.33
54842.5 8466.67
54802.8 8447.5
54786.7 8443.06
54795.3 8436.67
54815.8 8406.67
54804.2 8380.56
54791.9 8400
54776.4 8410
54746.7 8424.44
54737.2 8430.83
54737.2 8420.56
54753.1 8423.89
54764.4 8407.5
54756.1 8389.72
54747.2 8376.67
54728.3 8376.11
54740 8360.83
54733.3 8335.28
54780.6 8317.5
54757.5 8303.89
54783.3 8271.67
54797.5 8282.5
54789.7 8288.89
54848.1 8316.39
54831.9 8323.89
54873.3 8336.11
54910.8 8338.33
54866.7 8366.67
54865.6 8362.22
54833.3 8350
54831.9 8361.11
54833.3 8366.67
54824.2 8434.44
54837.2 8425.56
54839.2 8409.44
54907.8 8382.22
54911.9 8441.94
54929.4 8441.94
54950 8500
54976.4 8519.44
54979.2 8501.39
54990.3 8502.5
54991.1 8431.39
54985.6 8431.11
55033.3 8400
55016.7 8383.33
54978.6 8380.56
54958.9 8391.11
54938.1 8380.83
54951.1 8359.17
54948.9 8340.56
54969.7 8338.89
55021.9 8317.78
54997.2 8290.83
54933.3 8291.67
54864.7 8276.67
54945.6 8243.33
54948.3 8128.33
54900 8038.33
54865.6 8008.61
54878.3 7979.72
54870.8 7947.5
54850 7933.33
54842.5 7933.61
54827.5 7947.78
54814.7 7899.17
54818.6 7870.83
54796.7 7885.28
54775.8 7853.61
54766.7 7816.67
54753.6 7834.44
54792.5 7806.11
54800 7812.5
54814.7 7828.33
54828.3 7787.22
54851.4 7777.78
54867.5 7810.56
54907.2 7791.94
54920.3 7782.22
54929.2 7807.22
54933.9 7808.61
54937.2 7839.44
54953.1 7848.61
54983.3 7866.67
55000 7842.78
55018.1 7796.39
55003.6 7804.72
54984.4 7837.78
54965.8 7871.11
54931.4 7907.22
54938.1 7901.67
54921.4 7920.83
54931.4 7949.44
54969.4 7958.33
54975 7937.78
55031.7 7882.78
55048.6 7873.61
55098.9 7858.33
55116.7 7900
55128.3 7913.06
55138.9 7915.56
55161.7 7920.28
55149.4 7948.89
55164.7 7977.78
55155.3 7976.67
55145.6 7968.33
55141.9 7980.83
55130.8 8017.78
55083.9 8096.39
55096.4 8098.33
55121.9 8109.72
55115.6 8106.94
55116.7 8133.33
55117.2 8136.94
55106.4 8135.83
55100 8133.33
55083.3 8133.33
55016.7 8100
55045.6 8191.94
55050.3 8231.94
54977.8 8260
54984.4 8241.94
54990.6 8262.22
55028.6 8271.11
55025 8260.83
55043.1 8268.33
55074.2 8272.22
55059.7 8300.28
55083.3 8289.44
55105.3 8263.61
55091.9 8266.67
55116.7 8283.33
55142.2 8280
55140.8 8222.22
55265.3 8225.83
55258.1 8206.11
55144.7 8186.67
55123.3 8164.72
55116.7 8150
55142.2 8115.56
55133.3 8100
55140 8077.78
55133.3 8066.67
55146.4 8055.56
55200 8000
55198.9 7961.39
55183.3 7966.67
55178.1 7929.44
55172.8 7916.67
55174.2 7902.78
55126.1 7869.44
55138.9 7852.22
55131.9 7847.78
55138.6 7833.61
55125.6 7811.39
55114.2 7808.89
55156.9 7804.72
55186.9 7823.61
55214.7 7814.72
55199.2 7830
55196.9 7852.22
55205.8 7847.78
55225.8 7851.39
55241.9 7795.83
55234.2 7795.28
55208.6 7781.94
55174.4 7797.78
55152.8 7826.39
55100 7816.67
55049.2 7816.39
55030.8 7779.17
55050.8 7742.22
55042.8 7738.33
55058.1 7730.83
55055 7706.11
55088.1 7698.89
55101.4 7672.78
55134.7 7702.22
55129.2 7716.67
55143.9 7696.39
55150 7716.67
55183.3 7700
55182.2 7692.78
55172.2 7736.67
55154.7 7751.11
55164.4 7772.5
55183.3 7766.67
55183.3 7750
55194.7 7742.78
55186.1 7732.78
55196.9 7725.28
55245 7742.5
55240 7737.78
55223.9 7699.72
55200 7683.33
55249.7 7664.44
55260 7668.61
55268.6 7652.5
55270 7640.56
55250.8 7624.44
55223.6 7623.06
55200 7616.67
55184.7 7623.61
55179.7 7643.33
55184.4 7659.44
55183.3 7683.33
55159.7 7662.5
55133.3 7650
55110 7660.28
55070.8 7686.11
55073.1 7671.67
55076.1 7638.89
55076.1 7613.89
55074.2 7597.22
55123.3 7588.33
55133.3 7566.67
55143.1 7564.44
55173.1 7580.83
55160 7590
55156.1 7599.17
55116.7 7516.67
55093.9 7540.28
55070.8 7529.72
55054.4 7496.11
55059.4 7492.78
55073.1 7482.78
55070.3 7480.56
55076.9 7488.61
55088.6 7474.17
55116.1 7451.11
55150 7444.72
55160.6 7471.94
55171.9 7497.22
55211.4 7518.89
55200.8 7527.22
55194.2 7530.28
55200 7516.67
55205.6 7517.22
55240.6 7516.11
55250.6 7515.83
55263.9 7487.22
55266.7 7500
55280.8 7499.17
55278.1 7464.44
55265 7428.61
55276.9 7424.44
55266.7 7416.67
55283.3 7400
55285.3 7369.17
55301.4 7337.78
55310 7339.72
55311.7 7311.67
55329.2 7309.72
55347.2 7306.39
55357.5 7311.67
55369.2 7337.5
55376.9 7370.56
55349.4 7345
55350 7333.33
55345 7314.44
55332.8 7299.44
55336.4 7285.28
55314.7 7276.67
55316.7 7200.28
55333.6 7182.5
55316.7 7183.33
55316.7 7166.67
55306.7 7163.89
55300 7150
55283.3 7166.67
55269.2 7173.33
55250 7150
55233.3 7150
55233.9 7154.44
55250.6 7149.72
55262.8 7133.89
55248.6 7085.83
55233.3 7083.33
55267.5 7081.67
55250 7066.67
55267.5 7054.17
55256.4 7025.56
55250 7005.56
55233.3 6983.33
55200 6983.33
55216.7 6933.33
55207.2 6986.11
55203.1 7053.33
55183.3 7050
55166.7 7100
55150 7116.67
55223.9 7148.61
55176.1 7164.17
55166.7 7166.67
55150.6 7202.5
55143.9 7166.39
55133.3 7166.67
55141.4 7187.5
55133.3 7200
55116.7 7200
55113.6 7212.5
55091.9 7238.61
55085.6 7247.78
55079.7 7277.5
55086.9 7305
55078.1 7306.11
55064.7 7321.11
55060.3 7385
55050.8 7386.67
55050 7400
55039.4 7428.33
55064.4 7429.17
55054.7 7461.67
55093.3 7435.28
55121.4 7425.83
55133.3 7450
55145.6 7425.56
55154.2 7426.67
55160.3 7432.5
55179.7 7406.94
55163.6 7403.61
55132.5 7408.61
55117.5 7397.78
55148.3 7331.94
55166.7 7321.94
55214.4 7412.22
55196.4 7396.94
55188.3 7418.89
55198.1 7493.61
55232.8 7456.67
55249.2 7434.72
55259.4 7423.89
55246.4 7407.78
55232.5 7403.33
55238.1 7383.06
55211.4 7393.89
55248.6 7370.56
55258.3 7358.89
55278.3 7344.17
55293.1 7336.11
55274.2 7317.22
55279.2 7314.44
55292.8 7310.56
55301.1 7317.78
55316.1 7297.78
55300 7266.67
55250 7266.67
55278.3 7236.94
55283.1 7226.94
55288.9 7220.28
55285.3 7212.5
55261.7 7198.33
55250 7200
55241.7 7229.17
55233.1 7276.39
55223.3 7274.44
55202.8 7281.67
55210.3 7258.89
55195.6 7254.44
55174.7 7237.22
55145.8 7287.22
55135.8 7227.5
55107.2 7252.22
55066.7 7266.67
55054.4 7313.33
55058.9 7348.89
55040.8 7382.22
55030.3 7388.61
55021.4 7404.44
54979.4 7412.5
54966.7 7416.67
54971.4 7416.39
54950 7433.33
54978.9 7444.44
54994.4 7431.11
54968.9 7441.39
54968.1 7475.28
54996.7 7460.83
54992.2 7479.17
54999.2 7484.44
55016.1 7470.56
55023.3 7476.11
55039.7 7485.83
55030.6 7497.5
55037.8 7506.94
55060.6 7520.28
55019.2 7592.78
55022.5 7583.33
55034.2 7588.33
55051.9 7598.06
55059.2 7628.61
55054.7 7638.06
55033.3 7633.33
54990 7683.89
55021.7 7683.33
55044.2 7656.67
55049.2 7670.56
55029.2 7686.67
55035.3 7721.67
55010.8 7723.06
54996.4 7730
55000 7766.67
54995.8 7772.22
54975.6 7773.89
54950 7733.33
54941.9 7741.11
54921.4 7741.94
54955 7725.56
54970.6 7706.39
54946.1 7669.44
54941.1 7640.56
54951.1 7663.61
54938.1 7667.5
54941.9 7694.17
54920.6 7696.39
54913.3 7683.06
54886.9 7675.28
54882.2 7670.83
54905.6 7666.11
54914.7 7656.67
54935.8 7626.39
54946.1 7620.28
54951.7 7637.22
54969.4 7612.5
54950 7616.67
54933.3 7616.67
54914.4 7611.11
54925 7609.72
54936.9 7593.61
54945.8 7591.94
54958.9 7569.17
54963.6 7576.11
54974.2 7589.72
54981.4 7561.11
54990.6 7586.94
54991.9 7541.94
55015.6 7537.5
54980.3 7533.89
54969.4 7530.28
54937.8 7551.11
54943.1 7571.94
54919.7 7562.78
54915.6 7553.06
54936.9 7534.72
54976.7 7526.94
54983.9 7527.22
54996.4 7519.17
54955.3 7486.94
54956.4 7501.39
54960.3 7472.78
54948.9 7466.67
54933.3 7450
54913.1 7464.44
54883.3 7450
54883.3 7466.67
54922.5 7471.11
54926.7 7487.5
54895.8 7527.5
54888.6 7517.5
54888.1 7494.44
54860.8 7472.78
54849.2 7500.28
54831.9 7483.61
54818.6 7512.5
54844.2 7525.83
54858.1 7523.89
54868.9 7516.67
54882.8 7550.28
54910.3 7574.72
54874.7 7598.33
54848.1 7619.72
54850.3 7598.06
54843.9 7576.11
54815.3 7549.72
54794.2 7551.94
54786.1 7558.33
54772.8 7564.44
54766.7 7583.33
54765 7591.39
54760.6 7601.11
54779.2 7588.61
54781.1 7610.28
54794.7 7591.39
54800 7583.33
54823.3 7577.22
54796.7 7611.39
54823.1 7631.11
54801.4 7624.17
54816.1 7647.5
54833.3 7633.33
54857.2 7632.5
54849.7 7643.33
54860.8 7665.56
54826.4 7663.61
54805.3 7676.39
54779.7 7672.5
54768.9 7660.28
54774.4 7653.89
54790.8 7657.5
54799.4 7642.78
54805 7643.33
54796.7 7642.22
54785.6 7630.83
54751.9 7649.44
54753.3 7688.61
54766.7 7683.33
54785.8 7690.56
54800 7683.33
54793.1 7714.17
54822.5 7698.33
54854.4 7685.83
54866.7 7716.67
54865.6 7731.67
54866.7 7733.33
54888.9 7751.11
54910.6 7770.56
54856.7 7762.22
54866.9 7767.5
54872.8 7768.06
54834.7 7745.28
54806.4 7722.5
54800 7766.67
54812.5 7773.06
54800 7783.33
54795.6 7772.78
54770.8 7771.11
54729.7 7788.33
54758.9 7750.56
54733.9 7745.56
54738.6 7709.44
54625.3 7715.56
54583.3 7766.67
54583.9 7783.33
54550 7833.33
54574.2 7840.56
54566.4 7841.67
54569.2 7855.28
54557.2 7896.67
54543.3 7889.72
54540 7906.67
54576.1 7963.89
54555.3 8006.39
54511.9 8066.11
54483.3 8100
54483.3 8133.33
54456.7 8173.89
54415.6 8158.06
54416.7 8166.67
54391.9 8163.61
54384.2 8139.44
54335.6 8148.33
54330.8 8170.28
54306.4 8176.11
54314.7 8196.39
54322.5 8200.28
54327.8 8195.56
54337.8 8226.67
54311.1 8227.5
54296.4 8252.22
54283.1 8211.39
54264.7 8200
54249.4 8206.11
54256.4 8234.17
54240.3 8272.5
54223.9 8232.5
54230 8207.5
54224.2 8169.17
54213.3 8163.89
54262.2 8142.22
54261.4 8156.94
54286.4 8154.44
54283.3 8130.83
54289.7 8120
54317.2 8106.67
54288.6 8081.94
54295 8020.56
54280 8018.33
54273.1 8002.5
54385.8 8076.67
54388.6 8109.72
54374.4 8115.28
54348.3 8087.22
54358.3 8036.67
54337.5 7990.83
54286.9 7987.22
54275.6 7981.67
54284.7 7964.44
54298.1 7935.28
54292.8 7875.28
54273.6 7902.78
54250.8 7900.28
54259.7 7926.67
54246.1 7925.56
54244.4 7970.56
54230.3 7978.33
54216.7 8001.94
54224.7 8021.94
54191.1 8015
54200 8033.33
54198.9 8051.94
54183.3 8045.56
54206.7 8044.44
54220.6 8047.22
54233.1 8065.83
54203.1 8084.44
54186.1 8099.72
54177.2 8099.44
54188.6 8118.89
54167.5 8117.5
54141.7 8115.56
54132.8 8118.33
54133.3 8100
54144.7 8099.17
54166.7 8083.33
54193.6 8076.39
54170.3 8061.94
54147.2 8020.28
54123.9 8017.5
54139.2 8006.67
54150 8000
54156.9 8005
54160 8014.44
54171.4 8011.94
54188.9 7983.61
54202.5 7951.94
54193.1 7930.28
54150 7933.33
54203.1 7902.22
54212.5 7905.28
54194.7 7890
54172.5 7878.33
54192.2 7858.06
54180.6 7863.33
54162.5 7871.11
54163.9 7783.06
54183.1 7748.89
54172.5 7734.72
54161.1 7743.33
54130 7737.5
54114.7 7729.17
54091.7 7732.22
54101.1 7732.5
54109.2 7758.89
54111.4 7771.67
54097.5 7781.94
54068.6 7762.22
54080.3 7743.06
54040 7749.17
54055.8 7778.61
54050 7800
54039.2 7833.89
54051.4 7853.61
54024.2 7860.28
54000 7883.33
54027.5 7906.39
54055.6 7920
54083.1 7894.44
54100 7866.67
54101.9 7857.22
54095 7876.94
54108.6 7887.5
54105.8 7905
54116.4 7905
54116.7 7916.67
54080.6 7936.11
54066.9 7973.89
54055.8 7968.89
54058.9 8005.56
54068.6 8016.94
54077.5 8025.28
54106.4 8023.89
54074.2 8036.67
54064.2 8028.61
54037.8 8026.67
54050 8033.33
54063.1 8094.44
54055.8 8104.72
54066.7 8116.67
54077.8 8105.56
54071.9 8098.06
54089.4 8094.44
54125.6 8084.72
54116.7 8083.33
54101.7 8095
54100 8116.67
54066.7 8150
54049.4 8134.44
54043.6 8107.22
54028.3 8118.33
54016.9 8108.89
54008.3 8097.22
54006.1 8125.28
54003.6 8195.83
54000 8200
54016.7 8183.33
53982.5 8153.61
53988.6 8121.11
53967.8 8098.33
53964.4 8050.28
53954.2 8060.56
53954.7 8091.67
53946.9 8090
53953.6 8122.5
53979.2 8098.06
54000 8083.33
54037.8 8077.22
54025.3 8074.72
54009.2 8059.17
53990.8 8063.61
53994.2 8031.94
54007.8 8015.56
54012.2 8017.78
54023.3 7996.94
53985.6 8003.89
53980 8036.11
53959.4 8017.5
53933.3 8033.33
53933.3 8000
53944.7 8005
53965.3 7990
53992.8 7967.78
53974.7 7937.78
53985.8 7953.61
53992.8 7946.94
53984.2 7911.67
53965.8 7894.44
53961.9 7869.72
53980.3 7857.22
53991.1 7830.56
54020.8 7833.06
54028.1 7795.83
54011.4 7792.78
54002.5 7774.72
53986.7 7808.06
53991.1 7787.78
53976.9 7786.11
53950 7783.33
53964.2 7814.17
53948.1 7844.17
53950 7831.94
53916.7 7816.67
53900 7800
53916.7 7866.67
53947.5 7900.83
53954.7 7919.72
53961.4 7936.67
53969.2 7961.94
54008.9 7966.67
54028.1 7972.22
54017.8 7943.33
54005.3 7933.06
54037.2 7943.89
54034.2 7912.5
54026.7 7884.72
54055.8 7871.94
54069.4 7861.11
54083.3 7850
54083.9 7834.72
54089.7 7833.33
54089.4 7798.06
54076.9 7811.39
54110.6 7823.61
54108.3 7796.67
54116.7 7783.33
54137.2 7795
54151.1 7784.72
54155 7717.5
54161.1 7706.67
54166.7 7700
54178.9 7666.11
54203.1 7713.33
54194.7 7704.44
54193.1 7697.22
54125 7697.78
54121.4 7675.56
54117.5 7663.61
54129.7 7635.28
54118.9 7631.11
54104.7 7646.39
54093.3 7636.11
54107.2 7618.06
54116.7 7583.33
54089.7 7619.17
54074.4 7636.94
54037.8 7629.17
54031.1 7626.39
53977.2 7645.83
53968.6 7673.89
53951.9 7656.67
53916.7 7633.33
53900 7666.67
53900 7633.33
53916.7 7583.33
53956.1 7578.33
53992.2 7545.83
53966.9 7541.67
53946.9 7517.5
53983.3 7500
54016.7 7533.33
54016.7 7550
54022.2 7543.06
54028.3 7509.44
54042.2 7513.33
54053.1 7507.22
54065 7477.5
54122.8 7477.5
54109.7 7501.39
54089.2 7497.78
54085 7532.78
54092.8 7537.5
54075.3 7552.78
54061.9 7575.56
54069.7 7584.44
54087.5 7589.72
54079.7 7595
54070.6 7600.28
54044.7 7602.5
54027.5 7588.89
54016.7 7616.67
54012.2 7649.44
54025.8 7674.72
54043.1 7673.06
54058.3 7681.94
54070.8 7679.72
54094.2 7707.5
54090.8 7710.83
54080 7716.67
54068.6 7710
54080 7693.61
54039.7 7708.61
54026.9 7695.56
54011.4 7707.78
54021.4 7757.78
54004.4 7732.5
54017.8 7728.33
53980.6 7698.06
53933.3 7683.33
53951.7 7703.61
53953.9 7716.11
53960.3 7724.44
53971.4 7752.5
53933.3 7750
53883.3 7766.67
53883.3 7716.67
53866.7 7716.67
53816.7 7650
53783.3 7716.67
53766.7 7633.33
53800 7583.33
53816.7 7566.67
53866.7 7533.33
53833.3 7516.67
53850 7450
53933.3 7433.33
53946.4 7485.56
53961.7 7455.56
53952.8 7433.33
53967.8 7419.44
53981.7 7438.06
53987.8 7442.22
53997.2 7456.94
54001.1 7438.89
53988.9 7427.5
53988.1 7386.67
53966.4 7383.33
53944.4 7412.22
53933.3 7416.67
53883.3 7400
53833.3 7416.67
53833.3 7433.33
53766.7 7500
53733.3 7500
53733.3 7483.33
53666.7 7483.33
53650 7500
53700 7616.67
53666.7 7633.33
53616.7 7616.67
53583.3 7650
53533.3 7616.67
53550 7716.67
53566.7 7700
53600 7716.67
53633.3 7700
53633.3 7683.33
53650 7700
53666.7 7700
53616.7 7716.67
53600 7766.67
53666.7 7766.67
53733.3 7800
53783.3 7816.67
53800 7800
53816.7 7766.67
53833.3 7750
53866.7 7816.67
53833.3 7866.67
53900 7950
53866.7 7916.67
53833.3 7916.67
53800 7883.33
53766.7 7833.33
53783.3 7916.67
53733.3 7916.67
53750 7916.67
53750 7933.33
53716.7 7966.67
53733.3 7983.33
53700 8000
53666.7 7983.33
53600 7933.33
53666.7 8050
53616.7 8050
53566.7 8100
53633.3 8116.67
53633.3 8183.33
53650 8283.33
53616.7 8283.33
53616.7 8266.67
53566.7 8233.33
53566.7 8250
53583.3 8266.67
53566.7 8283.33
53533.3 8283.33
53483.3 8133.33
53450 8100
53483.3 8083.33
53533.3 8066.67
53550 8050
53466.7 8016.67
53416.7 8016.67
53421.1 8029.72
53466.7 8000
53550 7950
53566.7 7883.33
53600 7866.67
53616.7 7866.67
53683.3 7883.33
53633.3 7833.33
53616.7 7833.33
53600 7833.33
53616.7 7800
53583.3 7800
53566.7 7766.67
53533.3 7783.33
53500 7816.67
53466.7 7866.67
53450 7883.33
53407.2 7884.17
53397.5 7875.56
53383.3 7862.22
53351.1 7846.11
53360.8 7818.61
53393.3 7829.72
53416.7 7850
53412.2 7836.11
53391.7 7780.56
53370.6 7761.94
53411.1 7761.94
53401.4 7735.56
53373.3 7706.67
53392.8 7685.56
53400 7638.89
53414.2 7633.61
53450 7633.33
53483.3 7666.67
53433.3 7650
53416.1 7669.44
53433.3 7700
53409.4 7715.56
53393.9 7717.22
53357.5 7708.33
53342.5 7702.5
53306.9 7711.39
53323.6 7698.06
53324.4 7682.78
53309.7 7669.44
53321.4 7668.33
53332.2 7673.61
53345 7675.28
53341.4 7648.89
53375 7656.11
53354.4 7627.78
53342.5 7613.89
53339.7 7603.06
53329.4 7624.44
53305.8 7615.83
53277.2 7630.56
53287.8 7658.61
53276.9 7661.94
53260.8 7652.78
53254.2 7651.94
53263.9 7673.89
53247.2 7687.5
53240 7656.11
53235.3 7643.06
53224.4 7613.89
53242.2 7617.5
53256.1 7601.67
53247.5 7579.44
53261.1 7559.44
53275.3 7552.22
53290.3 7565.83
53309.4 7548.06
53304.4 7584.72
53334.2 7580.83
53371.4 7589.17
53403.9 7570.56
53433.3 7583.33
53407.8 7543.06
53394.2 7524.44
53398.6 7509.44
53419.7 7511.94
53450 7483.33
53483.3 7533.33
53516.7 7516.67
53583.3 7533.33
53583.3 7566.67
53483.3 7483.33
53466.7 7450
53411.4 7426.94
53418.9 7457.5
53415.6 7476.39
53405 7464.17
53383.6 7466.67
53377.8 7490.83
53376.7 7462.78
53373.6 7446.39
53344.4 7427.78
53323.1 7433.61
53332.8 7442.78
53350.6 7444.44
53363.9 7472.5
53353.1 7495.83
53348.9 7553.89
53326.7 7554.17
53350.8 7523.33
53369.4 7503.33
53359.7 7487.5
53335 7473.89
53328.3 7473.61
53353.6 7419.17
53384.4 7411.94
53364.2 7393.89
53388.9 7373.61
53400.8 7383.33
53483.3 7350
53516.7 7383.33
53533.3 7350
53550.3 7238.89
53538.1 7220.28
53504.7 7239.72
53421.1 7251.11
53434.2 7241.94
53440.3 7231.67
53478.6 7167.78
53511.9 7142.5
53505 7146.94
53522.5 7092.5
53516.7 7083.33
53547.8 7066.11
53610.6 7092.5
53633.3 7162.5
53644.2 7206.67
53676.9 7223.61
53600 7283.33
53666.7 7300
53750 7300
53733.3 7316.67
53716.7 7333.33
53666.7 7333.33
53633.3 7333.33
53616.7 7383.33
53600 7433.33
53616.7 7466.67
53700 7383.33
53766.7 7450
53783.3 7400
53766.7 7383.33
53800 7366.67
53833.3 7350
53866.7 7316.67
53883.3 7283.33
53916.7 7333.33
53951.7 7332.5
53916.7 7266.67
53945.6 7255.28
53964.7 7268.89
53972.8 7300.28
53961.9 7301.67
53987.8 7279.72
53996.7 7295.56
54023.6 7305.28
54037.5 7315
54050 7316.67
54028.1 7331.67
53990.8 7360.56
54036.9 7353.06
54028.3 7366.39
54042.8 7376.39
54048.1 7405
54048.9 7422.22
54061.7 7420
54082.8 7442.5
54101.9 7448.89
54100 7450
54120.8 7450.28
54150.3 7420.28
54121.7 7410.28
54091.4 7422.78
54091.1 7435
54070.6 7406.11
54101.4 7392.5
54099.4 7365
54080.6 7367.78
54059.4 7369.17
54064.2 7330.56
54078.3 7309.44
54100 7316.67
54155.6 7316.67
54139.2 7314.44
54114.2 7287.78
54098.6 7290.56
54085 7278.06
54079.2 7261.39
54098.1 7252.22
54112.8 7253.06
54121.9 7247.5
54146.1 7250.56
54183.3 7233.33
54191.4 7224.72
54211.7 7210.28
54185.6 7164.17
54200 7166.67
54214.7 7159.44
54235.8 7139.17
54262.5 7113.33
54253.3 7125.28
54215.6 7112.22
54200 7116.67
54206.7 7083.89
54223.3 7090.83
54205.8 7056.94
54192.5 7076.94
54149.7 7089.44
54145.8 7109.17
54080.6 7097.5
54072.5 7081.94
54132.5 7075.83
54120.8 7058.89
54123.1 7030.56
54137.2 7026.67
54146.4 7009.72
54158.6 7031.67
54174.2 7058.06
54171.7 7067.22
54196.7 7096.67
54202.2 7101.94
54179.7 7125.83
54173.3 7151.11
54184.2 7142.22
54192.5 7142.78
54156.4 7135
54124.2 7131.94
54116.7 7123.89
54102.8 7141.11
54127.2 7146.94
54120.8 7161.11
54114.4 7163.89
54135.8 7182.78
54141.9 7193.61
54151.9 7188.33
54143.3 7212.78
54121.7 7194.17
54101.1 7175.83
54071.7 7163.06
54067.5 7190.83
54087.5 7195.56
54095.6 7219.72
54105.3 7208.61
54111.4 7217.22
54120.8 7233.33
54071.7 7221.94
54050.3 7235.28
54041.7 7249.17
54035 7238.61
54033.3 7226.67
54019.2 7229.44
54009.2 7200.83
54006.7 7223.61
53993.3 7215.83
53983.3 7233.33
53969.7 7242.5
53961.1 7212.22
53979.7 7191.11
53980.3 7159.17
53985.8 7138.89
54006.9 7125.83
54013.1 7120
54029.7 7146.94
54063.9 7148.61
54048.3 7144.72
54055.3 7125
54043.6 7108.06
54033.1 7110.28
54018.1 7086.39
53980 7108.61
53991.4 7079.44
53950 7116.67
53942.8 7130.28
53933.3 7130.28
53901.9 7176.94
53946.1 7186.39
53957.8 7174.72
53865.3 7202.78
53841.9 7212.5
53816.7 7250
53774.2 7195.28
53768.3 7158.61
53748.1 7163.89
53718.6 7152.22
53698.3 7078.33
53716.7 7070.56
53788.1 7058.61
53797.2 7029.44
53883.3 7050
53850 7083.33
53833.9 7075.56
53817.8 7134.72
53898.9 7086.39
53943.1 7075
53957.2 7058.89
53942.5 7035.56
53943.1 7014.17
53987.2 7050
53979.4 7046.11
53993.1 7024.72
54005 7037.5
54020.8 7013.89
54029.7 7022.5
54021.4 7043.61
54036.9 7057.5
54050.8 7071.67
54070.8 7040.56
54057.5 7025.56
54045 7012.5
54080.3 7008.33
54088.6 7000
54116.7 7016.67
54124.7 7003.33
54145.3 6991.94
54157.8 6983.33
54181.4 6954.72
54183.9 6960.28
54190 6988.89
54235.8 6987.78
54240.3 6986.94
54250 6983.33
54259.2 7008.33
54266.9 7018.89
54266.9 7034.17
54273.3 7025.83
54296.4 7013.89
54281.4 7001.11
54304.2 6986.94
54286.7 6966.39
54250 6966.67
54205.6 6937.5
54173.9 6912.78
54185.6 6903.61
54163.9 6898.33
54148.6 6925.28
54126.7 6941.94
54120 6930.83
54135.8 6911.11
54126.1 6900.56
54102.8 6895
54095.6 6911.67
54066.9 6931.94
54074.4 6897.5
54061.4 6893.06
54040.3 6868.89
54050.3 6850.56
54066.9 6842.78
54079.7 6849.17
54119.2 6860
54135.3 6869.44
54148.6 6845
54178.9 6867.22
54203.6 6838.33
54186.1 6845.28
54218.9 6838.06
54228.1 6824.72
54251.1 6836.39
54244.7 6843.06
54250.6 6860.83
54270 6871.94
54263.3 6875.56
54245.6 6899.17
54250 6900
54230.8 6914.44
54212.2 6905.28
54198.3 6887.5
54221.9 6890
54238.1 6883.89
54266.7 6916.67
54258.6 6893.33
54270.3 6889.72
54303.9 6881.67
54277.2 6908.61
54283.3 6920
54289.2 6934.72
54294.4 6931.11
54312.5 6924.17
54326.7 6915.83
54318.6 6895
54338.6 6874.44
54369.4 6908.06
54363.1 6920.28
54320.6 6961.11
54340.6 6959.17
54359.2 6966.94
54366.7 6966.67
54388.1 6984.17
54400.6 6975.56
54373.9 7023.61
54399.4 7039.44
54391.7 7049.72
54408.9 7050
54386.4 7036.39
54355.6 7005.56
54339.2 7009.17
54322.5 7007.22
54325.6 7038.61
54333.3 7050
54356.9 7027.78
54355.6 7060.83
54305.6 7079.72
54308.3 7113.61
54285 7162.78
54275.8 7131.67
54291.7 7116.67
54292.8 7095.83
54277.5 7065
54237.8 7028.06
54222.8 7052.78
54193.6 7032.5
54180.6 7023.61
54175.3 6995.28
54156.7 6959.72
54121.1 6975.28
54093.1 6960
54082.5 6956.11
54069.7 6948.06
54039.2 6925.56
54018.6 6928.89
54020.6 6964.44
54033.3 6983.33
53986.4 6995.56
53983.3 6966.67
53995.3 6966.11
54000.3 6956.67
53973.1 6953.61
53916.7 6966.67
53916.7 7000
53870.6 6959.72
53875.6 6920.28
53830.6 6930.83
53813.1 6951.39
53751.1 6954.17
53692.2 6993.61
53662.5 7010.56
53713.1 7018.33
53704.4 6923.33
53726.4 6879.17
53757.8 6839.44
53788.6 6882.78
53825.8 6890.83
53859.2 6873.06
53850 6809.17
53883.3 6833.33
53908.1 6805.56
53897.8 6743.06
53888.1 6748.33
53938.9 6785.56
53951.1 6777.22
53954.2 6822.5
53933.3 6833.33
53978.3 6838.89
53963.1 6858.89
53949.4 6873.06
53965 6903.89
53939.4 6907.78
53948.6 6921.39
53974.2 6926.67
53981.9 6913.06
54000 6900
54003.9 6893.61
54015.8 6886.67
53994.7 6852.22
54014.4 6843.61
53996.1 6836.94
54010.3 6820.28
54000.8 6797.78
53981.4 6781.11
53983.3 6766.67
54021.1 6783.06
54045.3 6773.61
54057.2 6818.33
54083.3 6800
54103.6 6803.06
54126.4 6821.94
54136.4 6829.72
54145.6 6818.89
54127.8 6788.06
54096.1 6786.11
54090.3 6761.11
54063.3 6748.33
54026.4 6751.11
54016.1 6742.78
54006.4 6726.39
53944.2 6717.5
53972.8 6718.89
54000 6700
54024.4 6706.11
54028.6 6727.5
54047.5 6730
54105.8 6733.33
54116.7 6733.33
54149.4 6756.39
54159.2 6790.28
54202.5 6791.11
54191.9 6769.72
54169.7 6750.28
54166.7 6733.33
54182.5 6700.28
54136.7 6691.39
54120 6672.22
54114.4 6675
54089.2 6696.11
54077.2 6695.83
54066.7 6700.28
54071.4 6674.17
54052.2 6666.11
54029.4 6645.56
53997.5 6641.67
53990 6605.28
53952.8 6577.5
53966.9 6571.67
53970 6551.11
53948.6 6541.39
53952.8 6524.44
53936.1 6540.28
53922.8 6546.39
53905 6495.83
53859.7 6540.56
53837.8 6571.11
53824.2 6531.11
53781.1 6486.94
53762.8 6546.67
53766.1 6545.28
53754.2 6554.17
53710 6543.33
53717.8 6577.5
53676.7 6612.5
53650 6665.28
53650 6666.67
53652.8 6681.39
53633.1 6667.5
53592.5 6728.61
53579.7 6697.22
53559.2 6656.67
53528.6 6658.33
53495 6685.56
53512.2 6618.61
53485.3 6611.39
53456.7 6631.67
53423.1 6574.72
53396.1 6598.06
53385 6593.61
53351.4 6600
53367.8 6621.11
53381.7 6623.61
53355 6641.67
53350 6668.61
53315.6 6634.72
53299.7 6619.44
53296.9 6586.94
53282.8 6598.06
53283.3 6601.11
53266.4 6621.11
53238.3 6622.22
53222.8 6644.44
53209.7 6645
53236.7 6657.5
53239.7 6656.11
53248.9 6666.11
53261.7 6651.67
53267.5 6671.67
53287.5 6682.22
53291.4 6689.17
53347.8 6690.83
53335.6 6692.5
53324.4 6698.33
53314.2 6719.44
53311.7 6720.28
53298.1 6747.22
53290.3 6753.89
53285.3 6750
53240.3 6735.56
53261.7 6707.5
53278.9 6697.5
53289.7 6716.94
53321.4 6732.22
53350.3 6745.83
53331.7 6767.22
53322.2 6818.61
53335 6838.61
53350.6 6810
53377.5 6786.11
53353.3 6760.28
53365.8 6767.78
53396.1 6758.61
53373.9 6731.67
53375.3 6710.28
53381.9 6681.94
53396.9 6681.94
53380 6664.17
53408.3 6662.78
53402.2 6670.83
53412.5 6700.56
53419.4 6740.56
53449.4 6709.44
53476.9 6736.39
53556.1 6770
53605.8 6774.17
53555 6791.67
53525 6782.22
53490 6798.61
53435.6 6796.39
53416.9 6790.28
53416.7 6810.28
53450 6844.17
53418.3 6835.28
53389.2 6806.11
53378.3 6817.5
53370.3 6833.61
53382.5 6835
53391.7 6834.44
53407.2 6838.89
53403.9 6858.89
53396.4 6884.17
53385.6 6889.72
53336.1 6844.72
53319.7 6857.22
53299.2 6845
53288.9 6844.17
53286.4 6827.78
53286.7 6809.17
53274.2 6817.78
53270 6848.33
53275.6 6859.44
53284.2 6880.83
53286.9 6894.44
53278.6 6890.56
53265.6 6863.61
53254.2 6900.56
53300.6 6925.28
53318.6 6959.17
53297.2 6971.39
53311.4 7018.06
53280.6 7026.11
53305.3 7041.11
53289.7 7045.83
53302.2 7065.83
53308.9 7075.28
53322.5 7047.78
53345.3 7049.72
53341.4 6978.06
53338.3 6994.44
53348.6 6998.06
53369.7 7001.67
53351.9 7021.67
53360.3 7045.83
53354.7 7055.56
53349.4 7080.28
53335.6 7071.94
53320.3 7072.22
53290 7086.67
53297.8 7092.22
53270 7122.5
53266.7 7133.33
53258.1 7151.67
53277.5 7142.5
53296.7 7146.11
53294.4 7163.61
53307.8 7160.28
53276.4 7185.56
53261.7 7194.44
53265.3 7215
53251.9 7220.56
53271.1 7245.28
53255.3 7256.94
53255.8 7273.89
53246.1 7292.78
53226.7 7291.67
53235.3 7320
53200 7316.67
53175 7289.44
53187.5 7278.89
53191.4 7277.78
53185.6 7246.94
53221.4 7219.44
53233.3 7200
53178.1 7180.28
53183.1 7199.44
53162.2 7191.11
53142.2 7222.22
53135 7220.28
53121.9 7233.61
53144.7 7238.61
53152.5 7255
53122.5 7267.22
53117.5 7275.83
53130.6 7305.83
53129.7 7321.11
53113.6 7320
53109.2 7353.33
53094.4 7329.44
53076.9 7318.33
53084.2 7294.44
53083.6 7243.89
53062.2 7227.78
53047.2 7245.56
53033.9 7257.22
53020.3 7250
53002.8 7261.67
53021.1 7232.22
53023.6 7220.83
53006.9 7217.5
52991.1 7202.22
52958.3 7205.28
52947.8 7188.89
52930.8 7198.89
52923.3 7206.67
52921.1 7195.56
52910 7178.89
52922.8 7173.06
52910.6 7142.78
52903.1 7118.61
52895.3 7121.67
52900.8 7109.44
52910.8 7101.94
52925.3 7117.22
52946.7 7129.72
52955.8 7093.06
52964.2 7081.67
52981.4 7089.44
52990.6 7122.5
52988.3 7154.17
52977.8 7161.67
52975.6 7158.61
53015.6 7191.11
53039.7 7192.5
53096.1 7210
53102.2 7221.39
53106.9 7240
53124.2 7195.83
53088.3 7188.61
53079.7 7199.72
53068.9 7165.28
53061.7 7161.39
53050.8 7178.61
53034.7 7162.78
53015.6 7152.78
53046.7 7156.11
53038.9 7120.83
53050.8 7125.28
53064.2 7113.06
53075.3 7139.72
53109.4 7137.5
53114.2 7143.33
53127.8 7168.06
53135.8 7176.67
53133.1 7148.61
53166.1 7140.56
53194.4 7165.28
53210 7150
53224.7 7119.44
53210.6 7100.56
53261.7 7088.06
53255.8 7065.56
53250 7068.06
53236.1 7073.33
53233.3 7048.89
53236.7 7048.06
53234.2 7030.83
53203.1 7025.56
53198.3 7003.33
53206.4 7000.83
53217.2 7002.22
53221.4 6995
53232.8 6998.33
53258.6 7014.72
53279.2 6995.56
53264.7 6968.89
53260 6933.89
53249.2 6953.89
53242.2 6949.72
53236.9 6948.89
53233.1 6951.94
53216.7 6902.78
53211.7 6923.33
53211.9 6948.61
53197.5 6953.06
53180.8 6945
53180 6957.78
53183.9 6984.44
53162.5 7010
53162.8 7040.28
53180.8 7073.33
53162.5 7059.72
53166.9 7059.44
53140.6 7066.39
53134.2 7094.17
53158.6 7096.94
53165.3 7097.78
53150.3 7130
53148.1 7110
53118.3 7114.44
53092.2 7092.22
53083.6 7079.17
53100.3 7074.17
53049.2 7088.61
53031.9 7070.28
53064.4 7048.33
53063.1 7057.22
53110.3 7061.67
53120.3 7043.33
53118.6 7044.72
53108.9 7023.61
53103.6 7020
53093.3 7018.89
53121.7 7008.89
53137.5 6980.28
53156.9 6966.67
53156.1 6914.44
53145 6920.56
53128.1 6947.5
53111.4 6980.56
53106.7 6946.11
53095.8 6951.11
53083.6 6945.83
53096.7 6918.06
53079.4 6900.83
53083.3 6900
53108.9 6912.22
53106.4 6886.39
53159.2 6884.44
53181.1 6887.22
53176.7 6917.78
53193.3 6905.28
53202.8 6870.83
53203.3 6863.06
53235 6883.06
53240.6 6870
53227.5 6858.06
53251.9 6841.94
53237.8 6838.61
53240.8 6818.89
53250.8 6818.06
53233.3 6779.72
53203.9 6778.61
53182.5 6752.5
53175.6 6778.89
53171.7 6772.5
53157.2 6766.94
53153.9 6805
53181.9 6796.67
53210.8 6815.83
53226.1 6808.89
53248.6 6780.83
53266.7 6800
53257.5 6796.67
53273.6 6783.06
53273.9 6761.39
53221.1 6750.83
53220.6 6743.06
53231.4 6722.5
53213.3 6708.61
53200.6 6708.61
53178.9 6711.67
